player_tag;data;nome_oponente;tag_oponente;nivel_oponente;trofes_oponente;clan_oponente;resultado;coroas_jogador;coroas_oponente;mudanca_trofes;modo_jogo;tipo_batalha;arena;deck_jogador;deck_oponente;elixir_vazado_jogador;elixir_vazado_oponente;nivel_torre_jogador;vida_torre_rei_jogador;vida_torre_rei_oponente;torre_jogador;torre_oponente;elixir_medio_jogador;elixir_medio_oponente;nivel_medio_deck_jogador;nivel_medio_deck_oponente;tag_clan_oponente;semana_iso;tipo_desafio
#2220UQQ0UU;08/06/2026 01:54;andrey;#VLJG0R00J;0;7301;monte rey;Vitoria;3;0;0;TripleElixir_Ladder;riverRacePvP;Dragon Spa;Bowler | Knight | Musketeer | Cannon | Hog Rider | Goblin Barrel | Arrows | Skeletons;Mega Knight | Knight | Wizard | Royal Recruits | Mini P.E.K.K.A | Magic Archer | Witch | Rocket;0.82;45.84;0;4824;0;Tower Princess;Tower Princess;3.25;5.12;8.62;8.88;#R2JJV88G;2026-W24;TripleElixir_Ladder
#2220UQQ0UU;07/06/2026 02:44;Samuel Uchiha;#20YUCUYJ2Q;0;4966;Montamelapuerca;Derrota;1;3;0;TripleElixir_Ladder;riverRacePvP;Serenity Peak;Bats | Giant | Witch | Valkyrie | Vines | Goblin Gang | Archers | Electro Spirit;Battle Ram | Arrows | Archers | Goblin Barrel | Dark Prince | Cannon | Electro Dragon | Musketeer;0.0;14.42;0;0;4374;Tower Princess;Tower Princess;3.25;3.62;6.25;7.88;#GJQG0LLU;2026-W23;TripleElixir_Ladder
#2220UQQ0UU;07/06/2026 02:38;ENIGMAX;#V8LURVLRQ;0;9092;TormentaAustral;Derrota;0;3;0;TripleElixir_Ladder;riverRacePvP;Valkalla;Bowler | Knight | Musketeer | Cannon | Hog Rider | Goblin Barrel | Arrows | Skeletons;Battle Ram | Magic Archer | Mini P.E.K.K.A | Bomber | Zap | Goblin Gang | P.E.K.K.A | Dart Goblin;0.0;1.61;0;0;6408;Tower Princess;Tower Princess;3.25;3.62;8.62;12.0;#GJJRVJY8;2026-W23;TripleElixir_Ladder
#2220UQQ0UU;06/06/2026 03:09;dark lord;#CL02P2U0J;0;4;MÉXICO CLUB;Derrota;0;1;0;TripleElixir_Friendly;trail;Legendary Arena;Bats | Giant | Witch | Valkyrie | Vines | Goblin Gang | Archers | Electro Spirit;Mega Knight | Barbarian Barrel | Wizard | Witch | Magic Archer | Bomb Tower | Arrows | Firecracker;15.09;6.09;0;4632;4824;Tower Princess;Tower Princess;3.25;4.12;9.25;7.25;#YQV9820L;2026-W23;TripleElixir_Friendly
#2220UQQ0UU;06/06/2026 03:05;david deluk;#8U208L0L9;0;3;Sem cla;Vitoria;3;0;1;TripleElixir_Friendly;trail;Legendary Arena;Bats | Giant | Witch | Valkyrie | Vines | Goblin Gang | Archers | Electro Spirit;Arrows | Skeleton Dragons | Baby Dragon | Skeleton Army | Wizard | Hog Rider | Prince | Witch;0.0;15.76;0;4824;0;Tower Princess;Tower Princess;3.25;4.12;9.25;8.0;;2026-W23;TripleElixir_Friendly
#2220UQQ0UU;06/06/2026 03:04;Why¿ n3lvyy;#VRL29GU0Y;0;3;Варяг;Derrota;0;1;0;TripleElixir_Friendly;trail;Legendary Arena;Bats | Giant | Witch | Valkyrie | Vines | Goblin Gang | Archers | Electro Spirit;Musketeer | Mini P.E.K.K.A | Arrows | Giant | Valkyrie | Goblin Hut | Bomber | Archers;2.82;12.46;0;4824;4824;Tower Princess;Tower Princess;3.25;3.62;9.25;9.75;#PLR9V90;2026-W23;TripleElixir_Friendly
#2220UQQ0UU;06/06/2026 03:00;sebas 2010;#22292LP9RL;0;2;The brothers;Vitoria;3;0;1;TripleElixir_Friendly;trail;Legendary Arena;Bats | Giant | Witch | Valkyrie | Vines | Goblin Gang | Archers | Electro Spirit;Archers | Balloon | Wizard | Zappies | Witch | Minion Horde | Bowler | Mega Knight;1.69;3.69;0;4824;0;Tower Princess;Tower Princess;3.25;4.88;9.25;7.62;#G8J9Y2Y8;2026-W23;TripleElixir_Friendly
#2220UQQ0UU;06/06/2026 02:59;La tía de omar;#VL2Q09C22;0;1;CL CARTEL;Vitoria;3;0;1;TripleElixir_Friendly;trail;Legendary Arena;Bats | Giant | Witch | Valkyrie | Vines | Goblin Gang | Archers | Electro Spirit;Archers | Mini P.E.K.K.A | Skeleton Army | Zap | Electro Wizard | Witch | Mega Knight | Valkyrie;0.0;2.51;0;4824;0;Tower Princess;Tower Princess;3.25;4.0;9.25;7.25;#QYUCC8UP;2026-W23;TripleElixir_Friendly
#2220UQQ0UU;06/06/2026 02:27;Pepe Diego;#V90UPR2JL;0;0;Sem cla;Vitoria;3;0;1;TripleElixir_Friendly;trail;Legendary Arena;Bats | Giant | Witch | Valkyrie | Vines | Goblin Gang | Archers | Electro Spirit;Barbarians | Mini P.E.K.K.A | Inferno Dragon | P.E.K.K.A | Skeleton Army | Skeleton Dragons | Goblin Gang | Fireball;2.7;10.19;0;4824;0;Tower Princess;Tower Princess;3.25;4.25;9.25;8.25;;2026-W23;TripleElixir_Friendly
#2220UQQ0UU;05/06/2026 03:21;Dasuys;#VRRV8LVRV;0;2579;ESTI 2024;Derrota;0;3;0;TripleElixir_Ladder;riverRacePvP;Spooky Town;Miner | Royal Giant | Dart Goblin | Bomb Tower | Minion Horde | Hunter | Fire Spirit | Skeleton Dragons;Arrows | Wizard | Royal Giant | Spear Goblins | Rocket | Knight | Bowler | Barbarian Barrel;5.5;8.76;0;0;4392;Tower Princess;Tower Princess;3.75;4.0;6.5;6.38;#R2YLUY8C;2026-W23;TripleElixir_Ladder
#2220UQQ0UU;05/06/2026 03:14;cris2908XD;#CVUG08CVJ;0;7933;Activos;Derrota;0;3;0;TripleElixir_Ladder;riverRacePvP;Boot Camp;Skeleton Army | Flying Machine | Battle Ram | Minions | P.E.K.K.A | Inferno Dragon | Zap | Electro Wizard;Mega Knight | Knight | Arrows | Royal Hogs | Zappies | Barbarian Barrel | Minions | Princess;19.45;17.21;0;0;5832;Tower Princess;Tower Princess;3.88;3.75;4.5;7.38;#J0009JLQ;2026-W23;TripleElixir_Ladder
#2220UQQ0UU;05/06/2026 03:09;emmanuel;#VJJ9QPPCU;0;8094;Orden del Té;Vitoria;3;0;0;TripleElixir_Ladder;riverRacePvP;Clash Fest;Bats | Giant | Witch | Valkyrie | Vines | Goblin Gang | Archers | Electro Spirit;P.E.K.K.A | Little Prince | Archers | The Log | Princess | Inferno Tower | Arrows | Balloon;0.0;37.82;0;4392;0;Tower Princess;Tower Princess;3.25;3.88;6.0;7.0;#RPJY2LPJ;2026-W23;TripleElixir_Ladder
#2220UQQ0UU;05/06/2026 01:17;VintagePhoenix2;#20Q0C8CY8J;0;7406;México ❤️❤️ B;Derrota;0;3;0;TripleElixir_Ladder;riverRacePvP;Dragon Spa;Bowler | Knight | Musketeer | Cannon | Hog Rider | Goblin Barrel | Arrows | Skeletons;Berserker | Magic Archer | Skeleton King | Goblin Hut | Prince | Mini P.E.K.K.A | Electro Dragon | Valkyrie;17.05;2.08;0;0;5832;Tower Princess;Tower Princess;3.25;4.0;8.38;8.12;#GJJG0LVQ;2026-W23;TripleElixir_Ladder
#9VJU8Q98Y;06/06/2026 08:39;CRL❤️Snipe✨;#UJ09UUJGV;0;13;Sem cla;12V/4D/0E;0;0;0;TripleElixir_Friendly;trail;Legendary Arena;Baby Dragon | Barbarian Barrel | Battle Healer | Electro Dragon | Elixir Golem | Mini P.E.K.K.A | Rocket | Tornado;;0;0;0;0;0;Tower Princess;Tower Princess;3.88;0;7.5;0;;2026-W23;TripleElixir_Friendly;Global Meta;Baby Dragon | Barbarian Barrel | Battle Healer | Electro Dragon | Elixir Golem | Mini P.E.K.K.A | Rocket | Tornado;#9VJU8Q98Y;1
#LGY2GYPV9;06/06/2026 05:32;West ❤️ 傀儡;#J2Y2L8L8R;0;19;No Skill Only;11V/4D/0E;0;0;0;TripleElixir_Friendly;trail;Legendary Arena;Firecracker | Hog Rider | Ice Spirit | Lightning | Mighty Miner | Skeletons | Tesla | The Log;;0;0;0;0;0;Tower Princess;Tower Princess;3.12;0;7.88;0;;2026-W23;TripleElixir_Friendly;Global Meta;Firecracker | Hog Rider | Ice Spirit | Lightning | Mighty Miner | Skeletons | Tesla | The Log;#LGY2GYPV9;1
#PRC8V22Y;05/06/2026 17:11;JONATHAN.B;#8LV280JP8;0;7;Crtl.Medellin;5V/1D/0E;0;0;0;TripleElixir_Friendly;trail;Legendary Arena;Arrows | Executioner | Freeze | Furnace | Inferno Dragon | Mega Knight | Valkyrie | Wizard;;0;0;0;0;0;Tower Princess;Tower Princess;4.5;0;7.0;0;;2026-W23;TripleElixir_Friendly;Global Meta;Arrows | Executioner | Freeze | Furnace | Inferno Dragon | Mega Knight | Valkyrie | Wizard;#PRC8V22Y;1
#VJJ2R9JL;05/06/2026 03:20;Mitlan_tecutli;#ULYGUUGQG;0;11;PRO-(TIJUANA);2V/1D/0E;0;0;0;TripleElixir_Friendly;trail;Legendary Arena;Goblin Barrel | Goblin Gang | Hog Rider | Inferno Tower | Princess | Skeleton Army | Valkyrie | Zap;;0;0;0;0;0;Tower Princess;Tower Princess;3.38;0;8.0;0;;2026-W23;TripleElixir_Friendly;Global Meta;Goblin Barrel | Goblin Gang | Hog Rider | Inferno Tower | Princess | Skeleton Army | Valkyrie | Zap;#VJJ2R9JL;1
#PRC8V22Y;05/06/2026 08:43;Luc..;#GJ2PJGY0;0;2;ELITE SC0RPI0NS;2V/2D/0E;0;0;0;TripleElixir_Friendly;trail;Legendary Arena;Arrows | Executioner | Flying Machine | Giant Skeleton | Lightning | Mega Knight | Valkyrie | Wizard;;0;0;0;0;0;Tower Princess;Tower Princess;5.0;0;7.38;0;;2026-W23;TripleElixir_Friendly;Global Meta;Arrows | Executioner | Flying Machine | Giant Skeleton | Lightning | Mega Knight | Valkyrie | Wizard;#PRC8V22Y;1
#9VJU8Q98Y,#P9PRGG0QP;02/06/2026 16:07;itoi;#PRGU28L2C;0;0;Kobrin;2V/1D/0E;0;0;0;TripleElixir_Friendly;trail;Legendary Arena;Dart Goblin | Goblin Barrel | Ice Spirit | Inferno Tower | Knight | Princess | Skeleton Army | The Log;;0;0;0;0;0;Tower Princess;Tower Princess;2.88;0;7.25;0;;2026-W23;TripleElixir_Friendly;Global Meta;Dart Goblin | Goblin Barrel | Ice Spirit | Inferno Tower | Knight | Princess | Skeleton Army | The Log;#9VJU8Q98Y,#P9PRGG0QP;2
#2JV8LPLP2;04/06/2026 22:25;hirammx;#UQQQRC0;0;1;100%México;1V/3D/0E;0;0;0;TripleElixir_Friendly;trail;Legendary Arena;Earthquake | Firecracker | Goblins | Hog Rider | Ice Spirit | Minions | Royal Delivery | Tesla;;0;0;0;0;0;Tower Princess;Tower Princess;2.88;0;10.5;0;;2026-W23;TripleElixir_Friendly;Global Meta;Earthquake | Firecracker | Goblins | Hog Rider | Ice Spirit | Minions | Royal Delivery | Tesla;#2JV8LPLP2;1
#2PU2VLRPG;05/06/2026 17:05;Ivan11;#QGVC9Q00;0;0;Sem cla;0V/1D/0E;0;0;0;TripleElixir_Friendly;trail;Legendary Arena;Barbarian Barrel | Firecracker | Lightning | Monk | Poison | Royal Hogs | Skeletons | Tesla;;0;0;0;0;0;Tower Princess;Tower Princess;3.75;0;7.62;0;;2026-W23;TripleElixir_Friendly;Global Meta;Barbarian Barrel | Firecracker | Lightning | Monk | Poison | Royal Hogs | Skeletons | Tesla;#2PU2VLRPG;1
#PRC8V22Y;05/06/2026 08:47;King Ragnar;#LQCUR2RP9;0;2;Махачкала;0V/1D/0E;0;0;0;TripleElixir_Friendly;trail;Legendary Arena;Arrows | Baby Dragon | Flying Machine | Giant Skeleton | Mega Knight | Tombstone | Valkyrie | Wizard;;0;0;0;0;0;Tower Princess;Tower Princess;4.5;0;7.75;0;;2026-W23;TripleElixir_Friendly;Global Meta;Arrows | Baby Dragon | Flying Machine | Giant Skeleton | Mega Knight | Tombstone | Valkyrie | Wizard;#PRC8V22Y;1
#PRC8V22Y;05/06/2026 03:57;manuel;#V8UULLY98;0;0;MADE OF FRIENDS;0V/1D/0E;0;0;0;TripleElixir_Friendly;trail;Legendary Arena;Electro Dragon | Giant Skeleton | Inferno Tower | Magic Archer | Mega Knight | P.E.K.K.A | Rocket | Wizard;;0;0;0;0;0;Tower Princess;Tower Princess;5.62;0;6.38;0;;2026-W23;TripleElixir_Friendly;Global Meta;Electro Dragon | Giant Skeleton | Inferno Tower | Magic Archer | Mega Knight | P.E.K.K.A | Rocket | Wizard;#PRC8V22Y;1
#P9PRGG0QP;02/06/2026 16:18;Nazkingx7;#8VUL2LV0C;0;1;Españoles;0V/1D/0E;0;0;0;TripleElixir_Friendly;trail;Legendary Arena;Arrows | Balloon | Electro Wizard | Knight | Mega Knight | Minions | Prince | Sparky;;0;0;0;0;0;Tower Princess;Tower Princess;4.5;0;6.75;0;;2026-W23;TripleElixir_Friendly;Global Meta;Arrows | Balloon | Electro Wizard | Knight | Mega Knight | Minions | Prince | Sparky;#P9PRGG0QP;1
#P9PRGG0QP;02/06/2026 16:13;RonyPug;#L9JVJUQ9V;0;1;#Fortza Romania;0V/1D/0E;0;0;0;TripleElixir_Friendly;trail;Legendary Arena;Arrows | Battle Ram | Fireball | Furnace | Golden Knight | Lightning | Mega Knight | Mother Witch;;0;0;0;0;0;Tower Princess;Tower Princess;4.5;0;6.38;0;;2026-W23;TripleElixir_Friendly;Global Meta;Arrows | Battle Ram | Fireball | Furnace | Golden Knight | Lightning | Mega Knight | Mother Witch;#P9PRGG0QP;1
#P9PRGG0QP;02/06/2026 16:03;El joven Jonas;#PLPLCRJ08;0;0;Clash Rumble;0V/1D/0E;0;0;0;TripleElixir_Friendly;trail;Legendary Arena;Barbarian Barrel | Fireball | Fisherman | Mother Witch | Royal Giant | Skeleton King | Tombstone | Zappies;;0;0;0;0;0;Tower Princess;Tower Princess;3.75;0;6.38;0;;2026-W23;TripleElixir_Friendly;Global Meta;Barbarian Barrel | Fireball | Fisherman | Mother Witch | Royal Giant | Skeleton King | Tombstone | Zappies;#P9PRGG0QP;1
#2JV8LPLP2;04/06/2026 20:45;The boss Touka;#292P2QCQV;0;0;Akhwty;0V/1D/0E;0;0;0;TripleElixir_Friendly;trail;Legendary Arena;Arrows | Bomber | Fire Spirit | Graveyard | P.E.K.K.A | Valkyrie | Wizard | Zap;;0;0;0;0;0;Tower Princess;Tower Princess;3.62;0;8.88;0;;2026-W23;TripleElixir_Friendly;Global Meta;Arrows | Bomber | Fire Spirit | Graveyard | P.E.K.K.A | Valkyrie | Wizard | Zap;#2JV8LPLP2;1
#2L8J9VQ0C;03/06/2026 22:04;AGATA97;#280GVLJLG;0;0;E.S GANG;0V/1D/0E;0;0;0;TripleElixir_Friendly;trail;Legendary Arena;Dart Goblin | Goblin Barrel | Goblin Gang | Ice Spirit | Inferno Tower | Skeleton Army | Skeleton Barrel | Valkyrie;;0;0;0;0;0;Tower Princess;Tower Princess;3.12;0;9.0;0;;2026-W23;TripleElixir_Friendly;Brasil Meta;Dart Goblin | Goblin Barrel | Goblin Gang | Ice Spirit | Inferno Tower | Skeleton Army | Skeleton Barrel | Valkyrie;#2L8J9VQ0C;1
#P9PRGG0QP;07/06/2026 07:39;♡ Yeisa ♡;#C0PQ98RLU;0;11314;Amigos Royale;3V/1D/0E;0;0;0;TripleElixir_Ladder;riverRacePvP;Spirit Square;Barbarian Barrel | Electro Spirit | Fireball | Fisherman | Royal Ghost | Royal Giant | Skeletons | Wizard;;0;0;0;0;0;Tower Princess;Tower Princess;3.12;0;12.75;0;;2026-W23;TripleElixir_Ladder;Global Meta;Barbarian Barrel | Electro Spirit | Fireball | Fisherman | Royal Ghost | Royal Giant | Skeletons | Wizard;#P9PRGG0QP;1
#2GQ28VLGR;07/06/2026 21:35;Monsieur Casca;#2V8PQGYJU;0;14000;Bad Boyz $;2V/0D/0E;0;0;0;TripleElixir_Ladder;riverRacePvP;Spirit Square;Bats | Goblin Barrel | Goblin Gang | Knight | Miner | Royal Delivery | Skeleton Barrel | Wizard;;0;0;0;0;0;Tower Princess;Tower Princess;3.12;0;14.12;0;;2026-W23;TripleElixir_Ladder;Global Meta;Bats | Goblin Barrel | Goblin Gang | Knight | Miner | Royal Delivery | Skeleton Barrel | Wizard;#2GQ28VLGR;1
#P9PRGG0QP;07/06/2026 07:37;Gdubz;#P00UVY2QV;0;13333;England;2V/2D/0E;0;0;0;TripleElixir_Ladder;riverRacePvP;Spirit Square;Arrows | Bats | Goblin Gang | Goblins | Inferno Dragon | Mega Knight | Miner | Skeleton Barrel;;0;0;0;0;0;Tower Princess;Tower Princess;3.38;0;13.0;0;;2026-W23;TripleElixir_Ladder;Global Meta;Arrows | Bats | Goblin Gang | Goblins | Inferno Dragon | Mega Knight | Miner | Skeleton Barrel;#P9PRGG0QP;1
#2JV8LPLP2;06/06/2026 20:05;Zyma;#9JCLJ0RCQ;0;12030;ELECTRIC SHEEP;2V/0D/0E;0;0;0;TripleElixir_Ladder;riverRacePvP;Spirit Square;Arrows | Bomber | Fire Spirit | Graveyard | P.E.K.K.A | Valkyrie | Wizard | Zap;;0;0;0;0;0;Tower Princess;Tower Princess;3.62;0;13.75;0;;2026-W23;TripleElixir_Ladder;Global Meta;Arrows | Bomber | Fire Spirit | Graveyard | P.E.K.K.A | Valkyrie | Wizard | Zap;#2JV8LPLP2;1
#8QYY0QCC2;07/06/2026 11:26;Its Abhi;#22V99JC00;0;12644;INDIAN RECRUITS;2V/0D/0E;0;0;0;TripleElixir_Ladder;riverRacePvP;Spirit Square;Bowler | Cannon Cart | Fireball | Goblin Gang | Mini P.E.K.K.A | Mortar | Suspicious Bush | Tesla;;0;0;0;0;0;Tower Princess;Tower Princess;3.88;0;13.25;0;;2026-W23;TripleElixir_Ladder;Brasil Meta;Bowler | Cannon Cart | Fireball | Goblin Gang | Mini P.E.K.K.A | Mortar | Suspicious Bush | Tesla;#8QYY0QCC2;1
#8QYY0QCC2;07/06/2026 11:22;firewolfblue;#PQCG08YJ2;0;13784;Great FR;2V/0D/0E;0;0;0;TripleElixir_Ladder;riverRacePvP;Spirit Square;Barbarian Barrel | Goblin Cage | Graveyard | Ice Wizard | Knight | Poison | Vines | Witch;;0;0;0;0;0;Tower Princess;Tower Princess;3.62;0;10.25;0;;2026-W23;TripleElixir_Ladder;Brasil Meta;Barbarian Barrel | Goblin Cage | Graveyard | Ice Wizard | Knight | Poison | Vines | Witch;#8QYY0QCC2;1
#2VQ08200R;07/06/2026 22:49;wayno;#UU0Y8JRGL;0;11618;The sharkys;2V/0D/0E;0;0;0;TripleElixir_Ladder;riverRacePvP;Spirit Square;Bomber | Furnace | Hog Rider | Ice Golem | Knight | Poison | Skeletons | Tesla;;0;0;0;0;0;Tower Princess;Tower Princess;3.0;0;13.88;0;;2026-W23;TripleElixir_Ladder;Brasil Meta;Bomber | Furnace | Hog Rider | Ice Golem | Knight | Poison | Skeletons | Tesla;#2VQ08200R;1
#VJQR8R08;07/06/2026 23:14;milaconpureqwq;#J20JVVL9P;0;13858;うえどはま;2V/0D/0E;0;0;0;TripleElixir_Ladder;riverRacePvP;Spirit Square;Cannon Cart | Firecracker | Fisherman | Goblins | Lightning | Lumberjack | Mega Minion | Royal Giant;;0;0;0;0;0;Tower Princess;Tower Princess;4.0;0;11.75;0;;2026-W23;TripleElixir_Ladder;Brasil Meta;Cannon Cart | Firecracker | Fisherman | Goblins | Lightning | Lumberjack | Mega Minion | Royal Giant;#VJQR8R08;1
#9LUVQU89G;07/06/2026 20:27;dante;#9RGGL9LGC;0;13702;Perky Things 2;2V/0D/0E;0;0;0;TripleElixir_Ladder;riverRacePvP;Spirit Square;Baby Dragon | Battle Healer | Electro Dragon | Elixir Golem | Ice Spirit | Lumberjack | Mini P.E.K.K.A | Poison;;0;0;0;0;0;Tower Princess;Tower Princess;3.62;0;12.12;0;;2026-W23;TripleElixir_Ladder;Brasil Meta;Baby Dragon | Battle Healer | Electro Dragon | Elixir Golem | Ice Spirit | Lumberjack | Mini P.E.K.K.A | Poison;#9LUVQU89G;1
#80P2CJ0LG;07/06/2026 13:55;izuku midoriya;#LVVC20UJ8;0;13265;#MEXICO MAGICO™;2V/0D/0E;0;0;0;TripleElixir_Ladder;riverRacePvP;Spirit Square;Electro Spirit | Fisherman | Hunter | Lightning | Monk | Royal Giant | Skeletons | The Log;;0;0;0;0;0;Tower Princess;Tower Princess;3.5;0;11.25;0;;2026-W23;TripleElixir_Ladder;Brasil Meta;Electro Spirit | Fisherman | Hunter | Lightning | Monk | Royal Giant | Skeletons | The Log;#80P2CJ0LG;1
#80P2CJ0LG;07/06/2026 13:52;$S¥R B€4ST$;#9RPJC8VL;0;14000;COLOMBIAN STORM;2V/0D/0E;0;0;0;TripleElixir_Ladder;riverRacePvP;Spirit Square;Barbarian Barrel | Cannon Cart | Fireball | Goblins | Minions | Mortar | Rascals | Skeleton Barrel;;0;0;0;0;0;Tower Princess;Tower Princess;3.5;0;14.0;0;;2026-W23;TripleElixir_Ladder;Brasil Meta;Barbarian Barrel | Cannon Cart | Fireball | Goblins | Minions | Mortar | Rascals | Skeleton Barrel;#80P2CJ0LG;1
#82RPQVCCG;07/06/2026 05:01;JuanPiMex;#P98G8PJGY;0;13511;Four Horsemen;1V/0D/0E;0;0;0;TripleElixir_Ladder;riverRacePvP;Spirit Square;Fireball | Furnace | Knight | P.E.K.K.A | Prince | Royal Giant | Wizard | Zap;;0;0;0;0;0;Tower Princess;Tower Princess;4.5;0;14.0;0;;2026-W23;TripleElixir_Ladder;Global Meta;Fireball | Furnace | Knight | P.E.K.K.A | Prince | Royal Giant | Wizard | Zap;#82RPQVCCG;1
#9Q0QQ0YP;07/06/2026 18:07;MrJelin;#YG82VPJL9;0;14000;AnatølianTigers;1V/0D/0E;0;0;0;TripleElixir_Ladder;riverRacePvP;Spirit Square;Barbarian Barrel | Dark Prince | Electro Wizard | Fireball | Firecracker | Giant | Skeleton Barrel | Valkyrie;;0;0;0;0;0;Tower Princess;Tower Princess;3.62;0;12.88;0;;2026-W23;TripleElixir_Ladder;Global Meta;Barbarian Barrel | Dark Prince | Electro Wizard | Fireball | Firecracker | Giant | Skeleton Barrel | Valkyrie;#9Q0QQ0YP;1
#9Q0QQ0YP;07/06/2026 18:03;Lord Vapenstein;#2G9G2UURP;0;12033;The Wall;1V/0D/0E;0;0;0;TripleElixir_Ladder;riverRacePvP;Spirit Square;Baby Dragon | Mini P.E.K.K.A | Poison | Royal Hogs | Skeleton Dragons | Skeletons | Spear Goblins | The Log;;0;0;0;0;0;Tower Princess;Tower Princess;3.25;0;13.12;0;;2026-W23;TripleElixir_Ladder;Global Meta;Baby Dragon | Mini P.E.K.K.A | Poison | Royal Hogs | Skeleton Dragons | Skeletons | Spear Goblins | The Log;#9Q0QQ0YP;1
#2GQ28VLGR;06/06/2026 21:19;OC I Sir França;#GU2CQGGQ;0;14000;Ayrosa;1V/0D/0E;0;0;0;TripleElixir_Ladder;riverRacePvP;Spirit Square;Arrows | Firecracker | Hog Rider | Mini P.E.K.K.A | Musketeer | P.E.K.K.A | Prince | Witch;;0;0;0;0;0;Tower Princess;Tower Princess;4.38;0;13.25;0;;2026-W23;TripleElixir_Ladder;Global Meta;Arrows | Firecracker | Hog Rider | Mini P.E.K.K.A | Musketeer | P.E.K.K.A | Prince | Witch;#2GQ28VLGR;1
#QPG8R2Y9J;06/06/2026 19:55;ESQUIZOFRÊNICO✓;#9V0JLRCJG;0;14000;Clã dos Pía;1V/0D/0E;0;0;0;TripleElixir_Ladder;riverRacePvP;Spirit Square;Baby Dragon | Cannon | Dart Goblin | Giant Snowball | Hog Rider | Mega Knight | Mini P.E.K.K.A | Valkyrie;;0;0;0;0;0;Tower Princess;Tower Princess;3.88;0;12.88;0;;2026-W23;TripleElixir_Ladder;Global Meta;Baby Dragon | Cannon | Dart Goblin | Giant Snowball | Hog Rider | Mega Knight | Mini P.E.K.K.A | Valkyrie;#QPG8R2Y9J;1
#QPG8R2Y9J;06/06/2026 19:52;Mike;#LYULQQGU;0;13001;Coloradobeast;1V/0D/0E;0;0;0;TripleElixir_Ladder;riverRacePvP;Spirit Square;Bomber | Goblin Barrel | Goblin Gang | Lumberjack | Prince | Princess | Royal Hogs | Zappies;;0;0;0;0;0;Tower Princess;Tower Princess;3.62;0;12.0;0;;2026-W23;TripleElixir_Ladder;Global Meta;Bomber | Goblin Barrel | Goblin Gang | Lumberjack | Prince | Princess | Royal Hogs | Zappies;#QPG8R2Y9J;1
#QPG8R2Y9J;06/06/2026 19:48;amin;#QL22GYRR;0;13086;azulixck;1V/0D/0E;0;0;0;TripleElixir_Ladder;riverRacePvP;Spirit Square;Archers | Fireball | Knight | Musketeer | Skeletons | Tesla | The Log | X-Bow;;0;0;0;0;0;Tower Princess;Tower Princess;3.38;0;12.88;0;;2026-W23;TripleElixir_Ladder;Global Meta;Archers | Fireball | Knight | Musketeer | Skeletons | Tesla | The Log | X-Bow;#QPG8R2Y9J;1
#P9PRGG0QP;05/06/2026 20:08;AbuNc;#RC2UC8PJP;0;11033;LasVegas NV USA;1V/3D/0E;0;0;0;TripleElixir_Ladder;riverRacePvP;Spirit Square;Baby Dragon | Goblin Cage | Graveyard | Ice Wizard | Knight | Poison | The Log | Tornado;;0;0;0;0;0;Tower Princess;Tower Princess;3.5;0;10.75;0;;2026-W23;TripleElixir_Ladder;Global Meta;Baby Dragon | Goblin Cage | Graveyard | Ice Wizard | Knight | Poison | The Log | Tornado;#P9PRGG0QP;1
#PPCJG89QP;08/06/2026 02:27;Bossam;#Q9RJL298;0;14000;consequence;1V/0D/0E;0;0;0;TripleElixir_Ladder;riverRacePvP;Spirit Square;Arrows | Bowler | Goblin Giant | Rage | Royal Recruits | Sparky | Vines | Wizard;;0;0;0;0;0;Tower Princess;Tower Princess;4.62;0;12.25;0;;2026-W24;TripleElixir_Ladder;Global Meta;Arrows | Bowler | Goblin Giant | Rage | Royal Recruits | Sparky | Vines | Wizard;#PPCJG89QP;1
#PPCJG89QP;07/06/2026 02:42;克尔⏐Nelson♡K;#L2UYJ8CU9;0;14000;KRATOS;1V/0D/0E;0;0;0;TripleElixir_Ladder;riverRacePvP;Spirit Square;Barbarian Barrel | Dark Prince | Electro Spirit | Furnace | Goblin Hut | Guards | Lightning | Royal Hogs;;0;0;0;0;0;Tower Princess;Tower Princess;3.62;0;12.75;0;;2026-W23;TripleElixir_Ladder;Global Meta;Barbarian Barrel | Dark Prince | Electro Spirit | Furnace | Goblin Hut | Guards | Lightning | Royal Hogs;#PPCJG89QP;1
#PPCJG89QP;07/06/2026 02:38;Brook;#QCYJ982V;0;14000;HN VIP;1V/0D/0E;0;0;0;TripleElixir_Ladder;riverRacePvP;Spirit Square;Arrows | Bowler | Goblin Giant | Rage | Royal Recruits | Sparky | Vines | Wizard;;0;0;0;0;0;Tower Princess;Tower Princess;4.62;0;12.25;0;;2026-W23;TripleElixir_Ladder;Global Meta;Arrows | Bowler | Goblin Giant | Rage | Royal Recruits | Sparky | Vines | Wizard;#PPCJG89QP;1
#2CRR98CV;07/06/2026 10:22;Lucas_Senior;#82VGG9L2Q;0;12246;German Royalz;1V/0D/0E;0;0;0;TripleElixir_Ladder;riverRacePvP;Spirit Square;Berserker | Fire Spirit | Goblin Hut | Hog Rider | Lumberjack | Mother Witch | Princess | Rage;;0;0;0;0;0;Tower Princess;Tower Princess;3.0;0;10.38;0;;2026-W23;TripleElixir_Ladder;Global Meta;Berserker | Fire Spirit | Goblin Hut | Hog Rider | Lumberjack | Mother Witch | Princess | Rage;#2CRR98CV;1
#2CRR98CV;07/06/2026 10:13;Deuserk;#CV8YQG8U;0;11396;Gryfor;1V/0D/0E;0;0;0;TripleElixir_Ladder;riverRacePvP;Spirit Square;Baby Dragon | Dark Prince | Miner | Night Witch | Spear Goblins | The Log | Valkyrie | Zap;;0;0;0;0;0;Tower Princess;Tower Princess;3.12;0;11.5;0;;2026-W23;TripleElixir_Ladder;Global Meta;Baby Dragon | Dark Prince | Miner | Night Witch | Spear Goblins | The Log | Valkyrie | Zap;#2CRR98CV;1
#YRVQGQ82L;07/06/2026 16:56;Julio Rt;#9VYGY0R;0;10608;Albericia;1V/0D/0E;0;0;0;TripleElixir_Ladder;riverRacePvP;Spirit Square;Arrows | Baby Dragon | Dark Prince | Electro Dragon | Giant | Miner | Prince | Rage;;0;0;0;0;0;Tower Princess;Tower Princess;3.88;0;11.12;0;;2026-W23;TripleElixir_Ladder;Global Meta;Arrows | Baby Dragon | Dark Prince | Electro Dragon | Giant | Miner | Prince | Rage;#YRVQGQ82L;1
#YRVQGQ82L;07/06/2026 16:54;Shacky-Tifi;#89RYPRRG9;0;14000;ETERNARLS;1V/0D/0E;0;0;0;TripleElixir_Ladder;riverRacePvP;Spirit Square;Barbarian Barrel | Bowler | Electro Giant | Goblin Cage | Inferno Dragon | Knight | Lightning | Tornado;;0;0;0;0;0;Tower Princess;Tower Princess;4.25;0;11.25;0;;2026-W23;TripleElixir_Ladder;Global Meta;Barbarian Barrel | Bowler | Electro Giant | Goblin Cage | Inferno Dragon | Knight | Lightning | Tornado;#YRVQGQ82L;1
#28CC2VJU2;08/06/2026 07:47;mee2;#GGLY20YQG;0;10788;-Matrix-;1V/0D/0E;0;0;0;TripleElixir_Ladder;riverRacePvP;Spirit Square;Arrows | Dart Goblin | Goblin Hut | Lightning | Little Prince | Royal Ghost | Skeleton Barrel | Spear Goblins;;0;0;0;0;0;Tower Princess;Tower Princess;3.38;0;11.12;0;;2026-W24;TripleElixir_Ladder;Global Meta;Arrows | Dart Goblin | Goblin Hut | Lightning | Little Prince | Royal Ghost | Skeleton Barrel | Spear Goblins;#28CC2VJU2;1
#8U0RR020;05/06/2026 13:52;تحسين;#9L002PRPP;0;10658;ابطال العراق;1V/0D/0E;0;0;0;TripleElixir_Ladder;riverRacePvP;Spirit Square;Barbarian Barrel | Electro Dragon | Flying Machine | Golem | Lightning | Minions | Vines | Witch;;0;0;0;0;0;Tower Princess;Tower Princess;4.5;0;12.0;0;;2026-W23;TripleElixir_Ladder;Global Meta;Barbarian Barrel | Electro Dragon | Flying Machine | Golem | Lightning | Minions | Vines | Witch;#8U0RR020;1
#QVYR288Q2;07/06/2026 22:08;JZ;#VYVUCJU;0;10030;TipThePizzaGuy2;1V/0D/0E;0;0;0;TripleElixir_Ladder;riverRacePvP;Spirit Square;Balloon | Bandit | Executioner | Golden Knight | Lumberjack | Royal Recruits | The Log | Wizard;;0;0;0;0;0;Tower Princess;Tower Princess;4.38;0;9.62;0;;2026-W23;TripleElixir_Ladder;Global Meta;Balloon | Bandit | Executioner | Golden Knight | Lumberjack | Royal Recruits | The Log | Wizard;#QVYR288Q2;1
#8QYY0QCC2;07/06/2026 11:33;luxary;#CR0RPYLYG;0;12349;Türkiye;1V/1D/0E;0;0;0;TripleElixir_Ladder;riverRacePvP;Spirit Square;Archers | Arrows | Balloon | Fisherman | Goblinstein | Ice Spirit | Lumberjack | Royal Recruits;;0;0;0;0;0;Tower Princess;Tower Princess;3.88;0;10.75;0;;2026-W23;TripleElixir_Ladder;Brasil Meta;Archers | Arrows | Balloon | Fisherman | Goblinstein | Ice Spirit | Lumberjack | Royal Recruits;#8QYY0QCC2;1
#2VQ08200R;07/06/2026 22:53;⚡DAVID⚡;#80GCCYUJ;0;8456;Megalodon$;1V/1D/0E;0;0;0;TripleElixir_Ladder;riverRacePvP;Spirit Square;Arrows | Boss Bandit | Bowler | Cannon | Firecracker | Goblin Gang | Mini P.E.K.K.A | Witch;;0;0;0;0;0;Tower Princess;Tower Princess;4.0;0;12.38;0;;2026-W23;TripleElixir_Ladder;Brasil Meta;Arrows | Boss Bandit | Bowler | Cannon | Firecracker | Goblin Gang | Mini P.E.K.K.A | Witch;#2VQ08200R;1
#2L80CUU8L;07/06/2026 18:42;Inferno Dragon;#Y9982UC0V;0;12008;Lupi;1V/1D/0E;0;0;0;TripleElixir_Ladder;riverRacePvP;Spirit Square;Balloon | Electro Dragon | Firecracker | Freeze | Golden Knight | Ice Spirit | Lumberjack | Tesla;;0;0;0;0;0;Tower Princess;Tower Princess;3.75;0;11.5;0;;2026-W23;TripleElixir_Ladder;Brasil Meta;Balloon | Electro Dragon | Firecracker | Freeze | Golden Knight | Ice Spirit | Lumberjack | Tesla;#2L80CUU8L;1
#2L80CUU8L;06/06/2026 16:21;LéonaBot;#Y29QPQ29;0;13635;Sarma s Pivo;1V/2D/0E;0;0;0;TripleElixir_Ladder;riverRacePvP;Spirit Square;Bats | Bowler | Elixir Golem | Executioner | Furnace | Knight | Tornado | Valkyrie;;0;0;0;0;0;Tower Princess;Tower Princess;3.62;0;12.62;0;;2026-W23;TripleElixir_Ladder;Brasil Meta;Bats | Bowler | Elixir Golem | Executioner | Furnace | Knight | Tornado | Valkyrie;#2L80CUU8L;1
#VJQR8R08;06/06/2026 07:56;欸聽說你有機會獲得精美紀念品;#299Q2P0J;0;12891;BNMAMA;1V/0D/0E;0;0;0;TripleElixir_Ladder;riverRacePvP;Spirit Square;Archers | Bowler | Giant | Giant Snowball | Graveyard | Guards | Poison | Witch;;0;0;0;0;0;Tower Princess;Tower Princess;4.0;0;12.0;0;;2026-W23;TripleElixir_Ladder;Brasil Meta;Archers | Bowler | Giant | Giant Snowball | Graveyard | Guards | Poison | Witch;#VJQR8R08;1
#J909CL0;07/06/2026 14:59;073DOBRONX;#98RQG08CJ;0;14000;Immortals Army;1V/1D/0E;0;0;0;TripleElixir_Ladder;riverRacePvP;Spirit Square;Bomber | Fireball | Ice Spirit | Mega Knight | Mini P.E.K.K.A | Skeleton Barrel | The Log | Wizard;;0;0;0;0;0;Tower Princess;Tower Princess;3.5;0;13.25;0;;2026-W23;TripleElixir_Ladder;Brasil Meta;Bomber | Fireball | Ice Spirit | Mega Knight | Mini P.E.K.K.A | Skeleton Barrel | The Log | Wizard;#J909CL0;1
#J2VPLJYGL;07/06/2026 09:51;baran;#VUYG8PQJU;0;12026;İZMİR;1V/0D/0E;0;0;0;TripleElixir_Ladder;riverRacePvP;Spirit Square;Archers | Electro Spirit | Knight | Rocket | Skeletons | Tesla | The Log | X-Bow;;0;0;0;0;0;Tower Princess;Tower Princess;3.25;0;14.12;0;;2026-W23;TripleElixir_Ladder;Brasil Meta;Archers | Electro Spirit | Knight | Rocket | Skeletons | Tesla | The Log | X-Bow;#J2VPLJYGL;1
#80P2CJ0LG;07/06/2026 13:50;OMAR;#8RC2290U;0;13004;kuwait;1V/1D/0E;0;0;0;TripleElixir_Ladder;riverRacePvP;Spirit Square;Arrows | Bowler | Furnace | Giant Skeleton | Graveyard | Poison | Tesla | Zappies;;0;0;0;0;0;Tower Princess;Tower Princess;4.38;0;12.0;0;;2026-W23;TripleElixir_Ladder;Brasil Meta;Arrows | Bowler | Furnace | Giant Skeleton | Graveyard | Poison | Tesla | Zappies;#80P2CJ0LG;1
#8JL02UG2;07/06/2026 10:04;Luca;#PVQGLYY8C;0;14000;ClanDerAktiven;1V/2D/0E;0;0;0;TripleElixir_Ladder;riverRacePvP;Spirit Square;Bowler | Electro Dragon | Goblin Machine | Magic Archer | P.E.K.K.A | Ram Rider | Tornado | Vines;;0;0;0;0;0;Tower Princess;Tower Princess;4.62;0;9.88;0;;2026-W23;TripleElixir_Ladder;Brasil Meta;Bowler | Electro Dragon | Goblin Machine | Magic Archer | P.E.K.K.A | Ram Rider | Tornado | Vines;#8JL02UG2;1
#8JL02UG2;07/06/2026 09:56;Dydy;#JVVJ8YJYQ;0;14000;rébellion;1V/2D/0E;0;0;0;TripleElixir_Ladder;riverRacePvP;Spirit Square;Barbarian Barrel | Battle Ram | Goblin Hut | Mega Knight | Mini P.E.K.K.A | Poison | Spirit Empress | Wizard;;0;0;0;0;0;Tower Princess;Tower Princess;4.5;0;11.75;0;;2026-W23;TripleElixir_Ladder;Brasil Meta;Barbarian Barrel | Battle Ram | Goblin Hut | Mega Knight | Mini P.E.K.K.A | Poison | Spirit Empress | Wizard;#8JL02UG2;1
#8JL02UG2;07/06/2026 09:52;Big Mig;#2U0JY90U;0;13108;CR_survivors;1V/2D/0E;0;0;0;TripleElixir_Ladder;riverRacePvP;Spirit Square;Arrows | Balloon | Furnace | Golem | Lightning | Lumberjack | Night Witch | Suspicious Bush;;0;0;0;0;0;Tower Princess;Tower Princess;4.5;0;11.62;0;;2026-W23;TripleElixir_Ladder;Brasil Meta;Arrows | Balloon | Furnace | Golem | Lightning | Lumberjack | Night Witch | Suspicious Bush;#8JL02UG2;1
#82RPQVCCG;07/06/2026 04:58;•°Amanda°•;#8LLCL9PYP;0;10114;Abracadabra;0V/1D/0E;0;0;0;TripleElixir_Ladder;riverRacePvP;Spirit Square;Clone | Executioner | Giant Skeleton | Golem | Magic Archer | Poison | Valkyrie | Witch;;0;0;0;0;0;Tower Princess;Tower Princess;4.88;0;10.62;0;;2026-W23;TripleElixir_Ladder;Global Meta;Clone | Executioner | Giant Skeleton | Golem | Magic Archer | Poison | Valkyrie | Witch;#82RPQVCCG;1
#82RPQVCCG;07/06/2026 04:55;Mr Coin;#9CRY0ULU9;0;12773;TeamVelo;0V/1D/0E;0;0;0;TripleElixir_Ladder;riverRacePvP;Spirit Square;Dart Goblin | Firecracker | Goblin Drill | Hog Rider | Mega Knight | Mini P.E.K.K.A | Rocket | Skeleton Barrel;;0;0;0;0;0;Tower Princess;Tower Princess;4.25;0;13.12;0;;2026-W23;TripleElixir_Ladder;Global Meta;Dart Goblin | Firecracker | Goblin Drill | Hog Rider | Mega Knight | Mini P.E.K.K.A | Rocket | Skeleton Barrel;#82RPQVCCG;1
#9Q0QQ0YP;07/06/2026 18:13;REXI;#V0C0CP22;0;13920;Physis HN;0V/1D/0E;0;0;0;TripleElixir_Ladder;riverRacePvP;Spirit Square;Electro Dragon | Golem | Knight | Lightning | Lumberjack | Night Witch | Void | Wizard;;0;0;0;0;0;Tower Princess;Tower Princess;4.75;0;10.88;0;;2026-W23;TripleElixir_Ladder;Global Meta;Electro Dragon | Golem | Knight | Lightning | Lumberjack | Night Witch | Void | Wizard;#9Q0QQ0YP;1
#9Q0QQ0YP;07/06/2026 18:10;Awe;#QRG0CPLL;0;12530;Ataúd Risueño;0V/1D/0E;0;0;0;TripleElixir_Ladder;riverRacePvP;Spirit Square;Arrows | Battle Healer | Bowler | Cannon Cart | Elixir Golem | Inferno Dragon | Rocket | Witch;;0;0;0;0;0;Tower Princess;Tower Princess;4.38;0;12.12;0;;2026-W23;TripleElixir_Ladder;Global Meta;Arrows | Battle Healer | Bowler | Cannon Cart | Elixir Golem | Inferno Dragon | Rocket | Witch;#9Q0QQ0YP;1
#2GQ28VLGR;06/06/2026 10:34;Bielefelder;#9LP9CPQ;0;13805;BUBATZ & BIER;0V/1D/0E;0;0;0;TripleElixir_Ladder;riverRacePvP;Spirit Square;Electro Dragon | Executioner | Guards | Ice Spirit | Inferno Dragon | Mega Knight | Tornado | Zap;;0;0;0;0;0;Tower Princess;Tower Princess;3.75;0;11.25;0;;2026-W23;TripleElixir_Ladder;Global Meta;Electro Dragon | Executioner | Guards | Ice Spirit | Inferno Dragon | Mega Knight | Tornado | Zap;#2GQ28VLGR;1
#8VV8PPQL;08/06/2026 02:57;IA❤️PRANSHU✨;#PY0VU8R8G;0;13775;INDIAN RECRUITS;0V/1D/0E;0;0;0;TripleElixir_Ladder;riverRacePvP;Spirit Square;Arrows | Bandit | Battle Ram | Electro Wizard | Magic Archer | P.E.K.K.A | Poison | Royal Ghost;;0;0;0;0;0;Tower Princess;Tower Princess;4.0;0;10.5;0;;2026-W24;TripleElixir_Ladder;Global Meta;Arrows | Bandit | Battle Ram | Electro Wizard | Magic Archer | P.E.K.K.A | Poison | Royal Ghost;#8VV8PPQL;1
#8VV8PPQL;07/06/2026 07:06;SAN Sdd’;#82PJCUJ2;0;13205;SHERACTION I;0V/1D/0E;0;0;0;TripleElixir_Ladder;riverRacePvP;Spirit Square;Arrows | Bandit | Battle Ram | Electro Wizard | Magic Archer | P.E.K.K.A | Poison | Royal Ghost;;0;0;0;0;0;Tower Princess;Tower Princess;4.0;0;10.5;0;;2026-W23;TripleElixir_Ladder;Global Meta;Arrows | Bandit | Battle Ram | Electro Wizard | Magic Archer | P.E.K.K.A | Poison | Royal Ghost;#8VV8PPQL;1
#QPG8R2Y9J;06/06/2026 19:59;Boss;#JC8QYRU0R;0;12641;Deutschland;0V/1D/0E;0;0;0;TripleElixir_Ladder;riverRacePvP;Spirit Square;Arrows | Bowler | Dark Prince | Firecracker | Giant Skeleton | Royal Ghost | Witch | Zap;;0;0;0;0;0;Tower Princess;Tower Princess;3.88;0;12.0;0;;2026-W23;TripleElixir_Ladder;Global Meta;Arrows | Bowler | Dark Prince | Firecracker | Giant Skeleton | Royal Ghost | Witch | Zap;#QPG8R2Y9J;1
#ULPC02LPV;07/06/2026 12:34;CESINHA⚡️;#QCVQUGGJQ;0;14000;Clã #QP8Q29R9;0V/1D/0E;0;0;0;TripleElixir_Ladder;riverRacePvP;Spirit Square;Arrows | Bandit | Boss Bandit | Dart Goblin | Electro Wizard | Golden Knight | Tesla | Valkyrie;;0;0;0;0;0;Tower Princess;Tower Princess;3.88;0;11.0;0;;2026-W23;TripleElixir_Ladder;Global Meta;Arrows | Bandit | Boss Bandit | Dart Goblin | Electro Wizard | Golden Knight | Tesla | Valkyrie;#ULPC02LPV;1
#ULPC02LPV;07/06/2026 12:32;Mike✨;#9LR8L2V0C;0;14000;cobra kai 2;0V/1D/0E;0;0;0;TripleElixir_Ladder;riverRacePvP;Spirit Square;Bowler | Cannon Cart | Executioner | Mega Minion | Mortar | Poison | Skeleton Barrel | Tombstone;;0;0;0;0;0;Tower Princess;Tower Princess;4.0;0;13.0;0;;2026-W23;TripleElixir_Ladder;Global Meta;Bowler | Cannon Cart | Executioner | Mega Minion | Mortar | Poison | Skeleton Barrel | Tombstone;#ULPC02LPV;1
#2CRR98CV;07/06/2026 10:31;Carlos;#PJJ22RPU;0;12180;CrownRoyal™️;0V/1D/0E;0;0;0;TripleElixir_Ladder;riverRacePvP;Spirit Square;Bomber | Firecracker | Furnace | Golem | Knight | Mega Minion | Minions | Tornado;;0;0;0;0;0;Tower Princess;Tower Princess;3.62;0;12.0;0;;2026-W23;TripleElixir_Ladder;Global Meta;Bomber | Firecracker | Furnace | Golem | Knight | Mega Minion | Minions | Tornado;#2CRR98CV;1
#2CRR98CV;07/06/2026 10:19;Mr. NoN;#80G8P22UU;0;11851;Ticino Fighters;0V/1D/0E;0;0;0;TripleElixir_Ladder;riverRacePvP;Spirit Square;Cannon | Goblin Machine | Ice Golem | Ice Spirit | Ice Wizard | Magic Archer | Mini P.E.K.K.A | Skeleton King;;0;0;0;0;0;Tower Princess;Tower Princess;3.25;0;9.62;0;;2026-W23;TripleElixir_Ladder;Global Meta;Cannon | Goblin Machine | Ice Golem | Ice Spirit | Ice Wizard | Magic Archer | Mini P.E.K.K.A | Skeleton King;#2CRR98CV;1
#P82RL8R;08/06/2026 07:10;MaTi.JrZ;#28CP2RU0U;0;10808;"#Argentin@s ""B""";0V/1D/0E;0;0;0;TripleElixir_Ladder;riverRacePvP;Spirit Square;Archers | Bats | Elite Barbarians | Goblins | Lumberjack | Miner | Poison | Tesla;;0;0;0;0;0;Tower Princess;Tower Princess;3.5;0;10.88;0;;2026-W24;TripleElixir_Ladder;Global Meta;Archers | Bats | Elite Barbarians | Goblins | Lumberjack | Miner | Poison | Tesla;#P82RL8R;1
#P82RL8R;08/06/2026 07:09;IZANAGI;#Q8VJRPQYJ;0;11092;レジェンド リーグ 支部;0V/1D/0E;0;0;0;TripleElixir_Ladder;riverRacePvP;Spirit Square;Arrows | Furnace | Goblin Barrel | Goblin Gang | Prince | Princess | Tombstone | Wall Breakers;;0;0;0;0;0;Tower Princess;Tower Princess;3.25;0;11.75;0;;2026-W24;TripleElixir_Ladder;Global Meta;Arrows | Furnace | Goblin Barrel | Goblin Gang | Prince | Princess | Tombstone | Wall Breakers;#P82RL8R;1
#P82RL8R;08/06/2026 07:03;MARTI 74;#UQY2GCU2;0;12310;MallorcA;0V/1D/0E;0;0;0;TripleElixir_Ladder;riverRacePvP;Spirit Square;Baby Dragon | Balloon | Barbarian Barrel | Bowler | Freeze | Inferno Dragon | Knight | Tornado;;0;0;0;0;0;Tower Princess;Tower Princess;3.75;0;9.5;0;;2026-W24;TripleElixir_Ladder;Global Meta;Baby Dragon | Balloon | Barbarian Barrel | Bowler | Freeze | Inferno Dragon | Knight | Tornado;#P82RL8R;1
#QVYR288Q2;07/06/2026 22:05;I ᴀᴍ Lᴇᴏ;#CPRRRLCVY;0;14000;Barcelona 100's;0V/1D/0E;0;0;0;TripleElixir_Ladder;riverRacePvP;Spirit Square;Arrows | Goblin Barrel | Mini P.E.K.K.A | Poison | Prince | Ram Rider | Valkyrie | Witch;;0;0;0;0;0;Tower Princess;Tower Princess;4.12;0;11.62;0;;2026-W23;TripleElixir_Ladder;Global Meta;Arrows | Goblin Barrel | Mini P.E.K.K.A | Poison | Prince | Ram Rider | Valkyrie | Witch;#QVYR288Q2;1
#LYQ2J02CG;07/06/2026 20:53;misterRagna;#UJ2Y2U89U;0;12127;Sons of anarchy;0V/1D/0E;0;0;0;TripleElixir_Ladder;riverRacePvP;Spirit Square;Archers | Bomb Tower | Dark Prince | Giant Snowball | Mega Knight | Mega Minion | Skeleton Army | Witch;;0;0;0;0;0;Tower Princess;Tower Princess;3.88;0;11.5;0;;2026-W23;TripleElixir_Ladder;Brasil Meta;Archers | Bomb Tower | Dark Prince | Giant Snowball | Mega Knight | Mega Minion | Skeleton Army | Witch;#LYQ2J02CG;1
#2P9VCY0V8;07/06/2026 11:17;Cristobalx;#2R08VGVLQ;0;13617;KNOWHERE;0V/1D/0E;0;0;0;TripleElixir_Ladder;riverRacePvP;Spirit Square;Archer Queen | Cannon | Earthquake | Goblins | Ice Spirit | Royal Delivery | Royal Hogs | The Log;;0;0;0;0;0;Tower Princess;Tower Princess;3.0;0;13.12;0;;2026-W23;TripleElixir_Ladder;Brasil Meta;Archer Queen | Cannon | Earthquake | Goblins | Ice Spirit | Royal Delivery | Royal Hogs | The Log;#2P9VCY0V8;1
#2P9VCY0V8;07/06/2026 11:16;ERM;#29QLUQPV;0;13130;BOGOTA CLAN;0V/1D/0E;0;0;0;TripleElixir_Ladder;riverRacePvP;Spirit Square;Barbarian Barrel | Electro Spirit | Fisherman | Hunter | Lightning | Royal Ghost | Royal Giant | Skeletons;;0;0;0;0;0;Tower Princess;Tower Princess;3.25;0;12.12;0;;2026-W23;TripleElixir_Ladder;Brasil Meta;Barbarian Barrel | Electro Spirit | Fisherman | Hunter | Lightning | Royal Ghost | Royal Giant | Skeletons;#2P9VCY0V8;1
#2P9VCY0V8;07/06/2026 11:15;HeAvEn'$ cLaN;#9PYJCQPP;0;13829;ASSASSINS;0V/1D/0E;0;0;0;TripleElixir_Ladder;riverRacePvP;Spirit Square;Berserker | Fireball | Lava Hound | Mega Minion | Spirit Empress | Tombstone | Valkyrie | Zap;;0;0;0;0;0;Tower Princess;Tower Princess;3.88;0;13.0;0;;2026-W23;TripleElixir_Ladder;Brasil Meta;Berserker | Fireball | Lava Hound | Mega Minion | Spirit Empress | Tombstone | Valkyrie | Zap;#2P9VCY0V8;1
#2P9VCY0V8;07/06/2026 11:14;Happy Bear;#2GCRYPYR2;0;13047;Czech Vikings;0V/1D/0E;0;0;0;TripleElixir_Ladder;riverRacePvP;Spirit Square;Arrows | Bowler | Giant | Giant Snowball | Graveyard | Guards | Musketeer | Night Witch;;0;0;0;0;0;Tower Princess;Tower Princess;3.88;0;12.12;0;;2026-W23;TripleElixir_Ladder;Brasil Meta;Arrows | Bowler | Giant | Giant Snowball | Graveyard | Guards | Musketeer | Night Witch;#2P9VCY0V8;1
#8QYY0QCC2;07/06/2026 11:29;mannox;#CPLRRGP0;0;13060;>>Firestorm<<;0V/2D/0E;0;0;0;TripleElixir_Ladder;riverRacePvP;Spirit Square;Archer Queen | Earthquake | Royal Delivery | Royal Hogs | Skeletons | The Log | Tombstone | Valkyrie;;0;0;0;0;0;Tower Princess;Tower Princess;3.25;0;11.38;0;;2026-W23;TripleElixir_Ladder;Brasil Meta;Archer Queen | Earthquake | Royal Delivery | Royal Hogs | Skeletons | The Log | Tombstone | Valkyrie;#8QYY0QCC2;1
#VJQR8R08;08/06/2026 06:32;genghis kan;#YU0RUG20Y;0;13530;Hog Rider;0V/1D/0E;0;0;0;TripleElixir_Ladder;riverRacePvP;Spirit Square;Arrows | Cannon | Fireball | Hog Rider | Ice Golem | Ice Spirit | Musketeer | Skeletons;;0;0;0;0;0;Tower Princess;Tower Princess;2.75;0;14.62;0;;2026-W24;TripleElixir_Ladder;Brasil Meta;Arrows | Cannon | Fireball | Hog Rider | Ice Golem | Ice Spirit | Musketeer | Skeletons;#VJQR8R08;1
#VJQR8R08;08/06/2026 06:29;*-Pegasus-*;#909YYRLC9;0;12025;Fantasy WorlD;0V/1D/0E;0;0;0;TripleElixir_Ladder;riverRacePvP;Spirit Square;Archers | Bowler | Giant | Giant Snowball | Graveyard | Guards | Poison | Witch;;0;0;0;0;0;Tower Princess;Tower Princess;4.0;0;12.0;0;;2026-W24;TripleElixir_Ladder;Brasil Meta;Archers | Bowler | Giant | Giant Snowball | Graveyard | Guards | Poison | Witch;#VJQR8R08;1
#VJQR8R08;07/06/2026 23:08;Yayo;#292Y20LPL;0;13740;la alianza;0V/2D/0E;0;0;0;TripleElixir_Ladder;riverRacePvP;Spirit Square;Archer Queen | Goblin Drill | Goblin Gang | Knight | Rocket | Royal Delivery | Tesla | Tornado;;0;0;0;0;0;Tower Princess;Tower Princess;3.88;0;12.88;0;;2026-W23;TripleElixir_Ladder;Brasil Meta;Archer Queen | Goblin Drill | Goblin Gang | Knight | Rocket | Royal Delivery | Tesla | Tornado;#VJQR8R08;1
#VJQR8R08;06/06/2026 07:57;AdliGroomer;#U22PJCYGG;0;12179;Selangor 08™;0V/1D/0E;0;0;0;TripleElixir_Ladder;riverRacePvP;Spirit Square;Arrows | Cannon | Fireball | Hog Rider | Ice Golem | Ice Spirit | Musketeer | Skeletons;;0;0;0;0;0;Tower Princess;Tower Princess;2.75;0;14.62;0;;2026-W23;TripleElixir_Ladder;Brasil Meta;Arrows | Cannon | Fireball | Hog Rider | Ice Golem | Ice Spirit | Musketeer | Skeletons;#VJQR8R08;1
#G2Q9Y8YU8;07/06/2026 09:56;Aya;#C0GCLPG;0;13523;España;0V/1D/0E;0;0;0;TripleElixir_Ladder;riverRacePvP;Spirit Square;Furnace | Giant Skeleton | Goblin Hut | Golden Knight | Graveyard | Poison | Valkyrie | Zappies;;0;0;0;0;0;Tower Princess;Tower Princess;4.38;0;11.25;0;;2026-W23;TripleElixir_Ladder;Brasil Meta;Furnace | Giant Skeleton | Goblin Hut | Golden Knight | Graveyard | Poison | Valkyrie | Zappies;#G2Q9Y8YU8;1
#2V29GPRLV;06/06/2026 16:09;elliot;#2209CYQY2;0;11011;Pinoy Experts;0V/1D/0E;0;0;0;TripleElixir_Ladder;riverRacePvP;Spirit Square;Baby Dragon | Barbarian Hut | Battle Healer | Electro Dragon | Elixir Golem | Lightning | The Log | Tornado;;0;0;0;0;0;Tower Princess;Tower Princess;4.12;0;10.25;0;;2026-W23;TripleElixir_Ladder;Brasil Meta;Baby Dragon | Barbarian Hut | Battle Healer | Electro Dragon | Elixir Golem | Lightning | The Log | Tornado;#2V29GPRLV;1
#2V29GPRLV;05/06/2026 23:28;Good;#28L8LUGU9;0;14000;(-LIGHT MOON-);0V/1D/0E;0;0;0;TripleElixir_Ladder;riverRacePvP;Spirit Square;Battle Healer | Dark Prince | Electro Dragon | Elixir Golem | Firecracker | P.E.K.K.A | Tornado | Witch;;0;0;0;0;0;Tower Princess;Tower Princess;4.25;0;11.25;0;;2026-W23;TripleElixir_Ladder;Brasil Meta;Battle Healer | Dark Prince | Electro Dragon | Elixir Golem | Firecracker | P.E.K.K.A | Tornado | Witch;#2V29GPRLV;1
#UYQ9G22PP;07/06/2026 15:19;Cosma Baros;#909QUJG9L;0;14000;ArmataAlbastra!;0V/1D/0E;0;0;0;TripleElixir_Ladder;riverRacePvP;Spirit Square;Electro Dragon | Elixir Golem | Executioner | Little Prince | Magic Archer | Rocket | Royal Hogs | Skeleton Army;;0;0;0;0;0;Tower Princess;Tower Princess;4.25;0;11.0;0;;2026-W23;TripleElixir_Ladder;Brasil Meta;Electro Dragon | Elixir Golem | Executioner | Little Prince | Magic Archer | Rocket | Royal Hogs | Skeleton Army;#UYQ9G22PP;1
#UYQ9G22PP;07/06/2026 15:15;ohzikel;#UVP9QJRLU;0;14000;Killer-Instinct;0V/1D/0E;0;0;0;TripleElixir_Ladder;riverRacePvP;Spirit Square;Baby Dragon | Balloon | Dart Goblin | Guards | Lumberjack | P.E.K.K.A | Skeletons | Valkyrie;;0;0;0;0;0;Tower Princess;Tower Princess;3.88;0;11.62;0;;2026-W23;TripleElixir_Ladder;Brasil Meta;Baby Dragon | Balloon | Dart Goblin | Guards | Lumberjack | P.E.K.K.A | Skeletons | Valkyrie;#UYQ9G22PP;1
#J2VPLJYGL;07/06/2026 09:55;億載金城武11;#22QJPPU9;0;10446;我是新手;0V/1D/0E;0;0;0;TripleElixir_Ladder;riverRacePvP;Spirit Square;Barbarian Barrel | Goblin Barrel | Ice Wizard | Miner | Musketeer | Royal Ghost | Tornado | Wall Breakers;;0;0;0;0;0;Tower Princess;Tower Princess;2.88;0;9.0;0;;2026-W23;TripleElixir_Ladder;Brasil Meta;Barbarian Barrel | Goblin Barrel | Ice Wizard | Miner | Musketeer | Royal Ghost | Tornado | Wall Breakers;#J2VPLJYGL;1
#80P2CJ0LG;07/06/2026 13:46;happysnickers95;#CCJPVCCQC;0;14000;WAR FOR FUN;0V/1D/0E;0;0;0;TripleElixir_Ladder;riverRacePvP;Spirit Square;Dart Goblin | Goblin Barrel | Goblin Hut | Golden Knight | Princess | Skeleton Army | Spear Goblins | Tornado;;0;0;0;0;0;Tower Princess;Tower Princess;3.12;0;10.88;0;;2026-W23;TripleElixir_Ladder;Brasil Meta;Dart Goblin | Goblin Barrel | Goblin Hut | Golden Knight | Princess | Skeleton Army | Spear Goblins | Tornado;#80P2CJ0LG;1
#80P2CJ0LG;06/06/2026 22:21;very easy;#URRY0L0UP;0;14000;Dream of ROYALE;0V/1D/0E;0;0;0;TripleElixir_Ladder;riverRacePvP;Spirit Square;Bats | Berserker | Bomb Tower | Fire Spirit | Magic Archer | Miner | Royal Delivery | Wall Breakers;;0;0;0;0;0;Tower Princess;Tower Princess;2.62;0;12.75;0;;2026-W23;TripleElixir_Ladder;Brasil Meta;Bats | Berserker | Bomb Tower | Fire Spirit | Magic Archer | Miner | Royal Delivery | Wall Breakers;#80P2CJ0LG;1
#8JL02UG2;07/06/2026 10:00;Psycho;#QC0YRV0Y;0;14000;Flying Whales;0V/3D/0E;0;0;0;TripleElixir_Ladder;riverRacePvP;Spirit Square;Baby Dragon | Battle Healer | Dark Prince | Electro Giant | Executioner | Fireball | Golden Knight | Hunter;;0;0;0;0;0;Tower Princess;Tower Princess;4.5;0;11.12;0;;2026-W23;TripleElixir_Ladder;Brasil Meta;Baby Dragon | Battle Healer | Dark Prince | Electro Giant | Executioner | Fireball | Golden Knight | Hunter;#8JL02UG2;1
#9VJU8Q98Y;05/06/2026 16:51;MagicDream_022;#202JYVPCUG;0;11;LA SQUAD;5V/0D/0E;0;0;0;TripleElixir_Friendly;trail;Legendary Arena;Baby Dragon | Barbarian Barrel | Battle Healer | Electro Dragon | Elixir Golem | Mini P.E.K.K.A | Rocket | Tornado;;0;0;0;0;0;Tower Princess;Tower Princess;3.88;0;7.5;0;;2026-W23;TripleElixir_Friendly;Global Meta;Baby Dragon | Barbarian Barrel | Battle Healer | Electro Dragon | Elixir Golem | Mini P.E.K.K.A | Rocket | Tornado;#9VJU8Q98Y;1
#298VYCYC0;03/06/2026 12:56;Kral-Adam;#8RQLJV9LL;0;6;Made İn Turkey;2V/1D/0E;0;0;0;TripleElixir_Friendly;trail;Legendary Arena;Barbarian Barrel | Bowler | Furnace | Graveyard | Knight | Poison | Skeletons | Tesla;;0;0;0;0;0;Tower Princess;Tower Princess;3.5;0;7.88;0;;2026-W23;TripleElixir_Friendly;Global Meta;Barbarian Barrel | Bowler | Furnace | Graveyard | Knight | Poison | Skeletons | Tesla;#298VYCYC0;1
#298VYCYC0;03/06/2026 12:59;Betman666;#U20GRC8JR;0;6;Sem cla;1V/0D/0E;0;0;0;TripleElixir_Friendly;trail;Legendary Arena;Arrows | Dark Prince | Electro Giant | Goblin Demolisher | Goblin Giant | Inferno Dragon | Musketeer | Sparky;;0;0;0;0;0;Tower Princess;Tower Princess;4.75;0;6.62;0;;2026-W23;TripleElixir_Friendly;Global Meta;Arrows | Dark Prince | Electro Giant | Goblin Demolisher | Goblin Giant | Inferno Dragon | Musketeer | Sparky;#298VYCYC0;1
#2V9VV9Q9P;04/06/2026 06:23;可愛柴犬;#2QVVQC9QQ;0;8;Quilt Cat;1V/1D/0E;0;0;0;TripleElixir_Friendly;trail;Legendary Arena;Arrows | Bowler | Dart Goblin | Electro Spirit | Fireball | Knight | Royal Recruits | Three Musketeers;;0;0;0;0;0;Tower Princess;Tower Princess;4.38;0;9.62;0;;2026-W23;TripleElixir_Friendly;Global Meta;Arrows | Bowler | Dart Goblin | Electro Spirit | Fireball | Knight | Royal Recruits | Three Musketeers;#2V9VV9Q9P;1
#U2LY2QG;03/06/2026 07:52;DEVIL;#QCQC2U20;0;1;Kgpians;1V/3D/0E;0;0;0;TripleElixir_Friendly;trail;Legendary Arena;Cannon | Electro Spirit | Guards | Lightning | Mighty Miner | Princess | Rocket | Skeleton Barrel;;0;0;0;0;0;Tower Princess;Tower Princess;3.62;0;7.25;0;;2026-W23;TripleElixir_Friendly;Global Meta;Cannon | Electro Spirit | Guards | Lightning | Mighty Miner | Princess | Rocket | Skeleton Barrel;#U2LY2QG;1
#298VYCYC0;03/06/2026 13:05;ㄚㄖㄩ匚卄丨尺ㄖ 卄卂ㄒ卂Ҝ乇;#RLQCYPGLY;0;7;hollow;0V/1D/0E;0;0;0;TripleElixir_Friendly;trail;Legendary Arena;Arrows | Dark Prince | Goblin Demolisher | Goblin Giant | Goblinstein | Inferno Dragon | Musketeer | Sparky;;0;0;0;0;0;Tower Princess;Tower Princess;4.5;0;6.0;0;;2026-W23;TripleElixir_Friendly;Global Meta;Arrows | Dark Prince | Goblin Demolisher | Goblin Giant | Goblinstein | Inferno Dragon | Musketeer | Sparky;#298VYCYC0;1
#U2LY2QG;03/06/2026 07:55;zenerated;#8RUG8CC;0;1;Aussie Poobahs;0V/1D/0E;0;0;0;TripleElixir_Friendly;trail;Legendary Arena;Dart Goblin | Goblin Barrel | Goblin Gang | Goblin Hut | Ice Spirit | Princess | Valkyrie | Wall Breakers;;0;0;0;0;0;Tower Princess;Tower Princess;2.88;0;8.0;0;;2026-W23;TripleElixir_Friendly;Global Meta;Dart Goblin | Goblin Barrel | Goblin Gang | Goblin Hut | Ice Spirit | Princess | Valkyrie | Wall Breakers;#U2LY2QG;1
#2L8J9VQ0C;03/06/2026 22:04;AGATA97;#280GVLJLG;0;0;E.S GANG;0V/1D/0E;0;0;0;TripleElixir_Friendly;trail;Legendary Arena;Dart Goblin | Goblin Barrel | Goblin Gang | Ice Spirit | Inferno Tower | Skeleton Army | Skeleton Barrel | Valkyrie;;0;0;0;0;0;Tower Princess;Tower Princess;3.12;0;9.0;0;;2026-W23;TripleElixir_Friendly;Brasil Meta;Dart Goblin | Goblin Barrel | Goblin Gang | Ice Spirit | Inferno Tower | Skeleton Army | Skeleton Barrel | Valkyrie;#2L8J9VQ0C;1
#298VYCYC0;07/06/2026 22:24;AlexoAndros;#PPP0RQC;0;14000;I pirati;3V/1D/0E;0;0;0;TripleElixir_Ladder;riverRacePvP;Spirit Square;Bowler | Goblins | Graveyard | Ice Spirit | Knight | Tesla | Vines | Wizard;;0;0;0;0;0;Tower Princess;Tower Princess;3.5;0;12.88;0;;2026-W23;TripleElixir_Ladder;Global Meta;Bowler | Goblins | Graveyard | Ice Spirit | Knight | Tesla | Vines | Wizard;#298VYCYC0;1
#298VYCYC0;07/06/2026 22:16;ULTRA LINK;#CC2VP9VUG;0;14000;HN VIP;2V/2D/0E;0;0;0;TripleElixir_Ladder;riverRacePvP;Spirit Square;Barbarian Barrel | Electro Spirit | Fireball | Fisherman | Hunter | Royal Ghost | Royal Giant | Skeletons;;0;0;0;0;0;Tower Princess;Tower Princess;3.0;0;12.38;0;;2026-W23;TripleElixir_Ladder;Global Meta;Barbarian Barrel | Electro Spirit | Fireball | Fisherman | Hunter | Royal Ghost | Royal Giant | Skeletons;#298VYCYC0;1
#9VJVLY9GU;07/06/2026 09:00;Danny Chem;#2LCVVU99P;0;13590;AKATSUKI;2V/0D/0E;0;0;0;TripleElixir_Ladder;riverRacePvP;Spirit Square;Arrows | Battle Ram | Bomber | Dark Prince | Elite Barbarians | Executioner | Musketeer | Valkyrie;;0;0;0;0;0;Tower Princess;Tower Princess;4.0;0;12.75;0;;2026-W23;TripleElixir_Ladder;Global Meta;Arrows | Battle Ram | Bomber | Dark Prince | Elite Barbarians | Executioner | Musketeer | Valkyrie;#9VJVLY9GU;1
#8QYY0QCC2;07/06/2026 11:22;firewolfblue;#PQCG08YJ2;0;13784;Great FR;2V/0D/0E;0;0;0;TripleElixir_Ladder;riverRacePvP;Spirit Square;Barbarian Barrel | Goblin Cage | Graveyard | Ice Wizard | Knight | Poison | Vines | Witch;;0;0;0;0;0;Tower Princess;Tower Princess;3.62;0;10.25;0;;2026-W23;TripleElixir_Ladder;Brasil Meta;Barbarian Barrel | Goblin Cage | Graveyard | Ice Wizard | Knight | Poison | Vines | Witch;#8QYY0QCC2;1
#8R8QGGV2;08/06/2026 05:31;FFSDFFSDFD;#Y929R8L9Y;0;11449;em iu ơiiii;1V/0D/0E;0;0;0;TripleElixir_Ladder;riverRacePvP;Spirit Square;Barbarian Barrel | Fireball | Giant Skeleton | Golden Knight | Hunter | Mother Witch | Royal Ghost | Royal Hogs;;0;0;0;0;0;Tower Princess;Tower Princess;4.0;0;10.12;0;;2026-W24;TripleElixir_Ladder;Global Meta;Barbarian Barrel | Fireball | Giant Skeleton | Golden Knight | Hunter | Mother Witch | Royal Ghost | Royal Hogs;#8R8QGGV2;1
#298VYCYC0;07/06/2026 22:20;♡BANAN♡;#89UJY00JG;0;14000;Alter Ego;1V/3D/0E;0;0;0;TripleElixir_Ladder;riverRacePvP;Spirit Square;Dark Prince | Furnace | Giant Skeleton | Goblin Hut | Guards | Lumberjack | Prince | Zappies;;0;0;0;0;0;Tower Princess;Tower Princess;4.25;0;11.12;0;;2026-W23;TripleElixir_Ladder;Global Meta;Dark Prince | Furnace | Giant Skeleton | Goblin Hut | Guards | Lumberjack | Prince | Zappies;#298VYCYC0;1
#298VYCYC0;07/06/2026 22:12;Xurkn✨自我;#QJPLPRP0C;0;14000;BisTuRi;1V/3D/0E;0;0;0;TripleElixir_Ladder;riverRacePvP;Spirit Square;Baby Dragon | Battle Healer | Golem | Mini P.E.K.K.A | Minions | Poison | The Log | Valkyrie;;0;0;0;0;0;Tower Princess;Tower Princess;4.12;0;12.0;0;;2026-W23;TripleElixir_Ladder;Global Meta;Baby Dragon | Battle Healer | Golem | Mini P.E.K.K.A | Minions | Poison | The Log | Valkyrie;#298VYCYC0;1
#YGLCUYY9;07/06/2026 23:26;moises manrique;#U8JGY8P;0;13329;Pelabolasteam;1V/0D/0E;0;0;0;TripleElixir_Ladder;riverRacePvP;Spirit Square;Archers | Arrows | Electro Spirit | Fireball | Goblins | Rage | Valkyrie | X-Bow;;0;0;0;0;0;Tower Princess;Tower Princess;3.12;0;13.38;0;;2026-W23;TripleElixir_Ladder;Global Meta;Archers | Arrows | Electro Spirit | Fireball | Goblins | Rage | Valkyrie | X-Bow;#YGLCUYY9;1
#YGLCUYY9;07/06/2026 23:19;PR0D1;#YU2YR2JRU;0;14000;+CJ;1V/0D/0E;0;0;0;TripleElixir_Ladder;riverRacePvP;Spirit Square;Goblin Barrel | Goblin Gang | Ice Spirit | Knight | Princess | Rocket | Tesla | The Log;;0;0;0;0;0;Tower Princess;Tower Princess;3.12;0;13.12;0;;2026-W23;TripleElixir_Ladder;Global Meta;Goblin Barrel | Goblin Gang | Ice Spirit | Knight | Princess | Rocket | Tesla | The Log;#YGLCUYY9;1
#PJC8PJVPV;08/06/2026 04:21;Willie;#8L9CQ9VPY;0;13600;Kpinini;1V/0D/0E;0;0;0;TripleElixir_Ladder;riverRacePvP;Spirit Square;Dart Goblin | Earthquake | Fireball | Mighty Miner | Royal Ghost | Royal Hogs | Skeleton Army | Valkyrie;;0;0;0;0;0;Tower Princess;Tower Princess;3.62;0;11.5;0;;2026-W24;TripleElixir_Ladder;Global Meta;Dart Goblin | Earthquake | Fireball | Mighty Miner | Royal Ghost | Royal Hogs | Skeleton Army | Valkyrie;#PJC8PJVPV;1
#PJC8PJVPV;08/06/2026 04:16;Justin;#JVUCYLU8J;0;14000;INSERVIBLES MX;1V/0D/0E;0;0;0;TripleElixir_Ladder;riverRacePvP;Spirit Square;Balloon | Bats | Firecracker | Goblin Gang | Lumberjack | Mini P.E.K.K.A | Mirror | Zap;;0;0;0;0;0;Tower Princess;Tower Princess;3.29;0;13.5;0;;2026-W24;TripleElixir_Ladder;Global Meta;Balloon | Bats | Firecracker | Goblin Gang | Lumberjack | Mini P.E.K.K.A | Mirror | Zap;#PJC8PJVPV;1
#QPG8R2Y9J;06/06/2026 19:55;ESQUIZOFRÊNICO✓;#9V0JLRCJG;0;14000;Clã dos Pía;1V/0D/0E;0;0;0;TripleElixir_Ladder;riverRacePvP;Spirit Square;Baby Dragon | Cannon | Dart Goblin | Giant Snowball | Hog Rider | Mega Knight | Mini P.E.K.K.A | Valkyrie;;0;0;0;0;0;Tower Princess;Tower Princess;3.88;0;12.88;0;;2026-W23;TripleElixir_Ladder;Global Meta;Baby Dragon | Cannon | Dart Goblin | Giant Snowball | Hog Rider | Mega Knight | Mini P.E.K.K.A | Valkyrie;#QPG8R2Y9J;1
#QPG8R2Y9J;06/06/2026 19:48;amin;#QL22GYRR;0;13086;azulixck;1V/0D/0E;0;0;0;TripleElixir_Ladder;riverRacePvP;Spirit Square;Archers | Fireball | Knight | Musketeer | Skeletons | Tesla | The Log | X-Bow;;0;0;0;0;0;Tower Princess;Tower Princess;3.38;0;12.88;0;;2026-W23;TripleElixir_Ladder;Global Meta;Archers | Fireball | Knight | Musketeer | Skeletons | Tesla | The Log | X-Bow;#QPG8R2Y9J;1
#J88YR8P8Y;07/06/2026 00:30;<c4>RIVAL<c5>TC;#JVQQCGRQQ;0;13102;Guatemaya;1V/0D/0E;0;0;0;TripleElixir_Ladder;riverRacePvP;Spirit Square;Archers | Arrows | Barbarian Barrel | Boss Bandit | Golden Knight | Hog Rider | Ram Rider | Spear Goblins;;0;0;0;0;0;Tower Princess;Tower Princess;3.62;0;11.12;0;;2026-W23;TripleElixir_Ladder;Global Meta;Archers | Arrows | Barbarian Barrel | Boss Bandit | Golden Knight | Hog Rider | Ram Rider | Spear Goblins;#J88YR8P8Y;1
#8R0RY899;07/06/2026 17:52;Primo;#98V82JPV;0;12219;Creet's Creed;1V/0D/0E;0;0;0;TripleElixir_Ladder;riverRacePvP;Spirit Square;Arrows | Balloon | Firecracker | Goblin Cage | Goblin Gang | Ice Golem | Lumberjack | Valkyrie;;0;0;0;0;0;Tower Princess;Tower Princess;3.5;0;13.38;0;;2026-W23;TripleElixir_Ladder;Global Meta;Arrows | Balloon | Firecracker | Goblin Cage | Goblin Gang | Ice Golem | Lumberjack | Valkyrie;#8R0RY899;1
#8R0RY899;07/06/2026 17:48;TEATZIS;#2Q2VVCQP;0;12233;Typhoons;1V/0D/0E;0;0;0;TripleElixir_Ladder;riverRacePvP;Spirit Square;Battle Ram | Freeze | Furnace | Knight | Mega Minion | Mini P.E.K.K.A | P.E.K.K.A | Tesla;;0;0;0;0;0;Tower Princess;Tower Princess;4.12;0;13.62;0;;2026-W23;TripleElixir_Ladder;Global Meta;Battle Ram | Freeze | Furnace | Knight | Mega Minion | Mini P.E.K.K.A | P.E.K.K.A | Tesla;#8R0RY899;1
#9U0VRRQQ;08/06/2026 07:28;NateDrake;#8QYQGYR9V;0;14000;GALATASARAY;1V/0D/0E;0;0;0;TripleElixir_Ladder;riverRacePvP;Spirit Square;Arrows | Bats | Battle Ram | Dark Prince | Goblins | Musketeer | Poison | Prince;;0;0;0;0;0;Tower Princess;Tower Princess;3.5;0;13.0;0;;2026-W24;TripleElixir_Ladder;Global Meta;Arrows | Bats | Battle Ram | Dark Prince | Goblins | Musketeer | Poison | Prince;#9U0VRRQQ;1
#9U0VRRQQ;06/06/2026 16:32;milo;#J99UV8QUC;0;14000;Clan  #YPU0YUQ9;1V/0D/0E;0;0;0;TripleElixir_Ladder;riverRacePvP;Spirit Square;Elixir Golem | Executioner | Fireball | Firecracker | Mega Knight | Mega Minion | Royal Hogs | Wizard;;0;0;0;0;0;Tower Princess;Tower Princess;4.38;0;12.88;0;;2026-W23;TripleElixir_Ladder;Global Meta;Elixir Golem | Executioner | Fireball | Firecracker | Mega Knight | Mega Minion | Royal Hogs | Wizard;#9U0VRRQQ;1
#QVYR288Q2;07/06/2026 22:08;JZ;#VYVUCJU;0;10030;TipThePizzaGuy2;1V/0D/0E;0;0;0;TripleElixir_Ladder;riverRacePvP;Spirit Square;Balloon | Bandit | Executioner | Golden Knight | Lumberjack | Royal Recruits | The Log | Wizard;;0;0;0;0;0;Tower Princess;Tower Princess;4.38;0;9.62;0;;2026-W23;TripleElixir_Ladder;Global Meta;Balloon | Bandit | Executioner | Golden Knight | Lumberjack | Royal Recruits | The Log | Wizard;#QVYR288Q2;1
#2L80CUU8L;05/06/2026 00:43;cristian;#9Q8GRYJL2;0;12503;Alpha team;1V/0D/0E;0;0;0;TripleElixir_Ladder;riverRacePvP;Spirit Square;Bats | Bowler | Elixir Golem | Executioner | Furnace | Knight | Tornado | Valkyrie;;0;0;0;0;0;Tower Princess;Tower Princess;3.62;0;12.62;0;;2026-W23;TripleElixir_Ladder;Brasil Meta;Bats | Bowler | Elixir Golem | Executioner | Furnace | Knight | Tornado | Valkyrie;#2L80CUU8L;1
#J909CL0;07/06/2026 14:59;073DOBRONX;#98RQG08CJ;0;14000;Immortals Army;1V/1D/0E;0;0;0;TripleElixir_Ladder;riverRacePvP;Spirit Square;Bomber | Fireball | Ice Spirit | Mega Knight | Mini P.E.K.K.A | Skeleton Barrel | The Log | Wizard;;0;0;0;0;0;Tower Princess;Tower Princess;3.5;0;13.25;0;;2026-W23;TripleElixir_Ladder;Brasil Meta;Bomber | Fireball | Ice Spirit | Mega Knight | Mini P.E.K.K.A | Skeleton Barrel | The Log | Wizard;#J909CL0;1
#9LUVQU89G;07/06/2026 20:27;dante;#9RGGL9LGC;0;13702;Perky Things 2;1V/0D/0E;0;0;0;TripleElixir_Ladder;riverRacePvP;Spirit Square;Baby Dragon | Battle Healer | Electro Dragon | Elixir Golem | Ice Spirit | Lumberjack | Mini P.E.K.K.A | Poison;;0;0;0;0;0;Tower Princess;Tower Princess;3.62;0;12.12;0;;2026-W23;TripleElixir_Ladder;Brasil Meta;Baby Dragon | Battle Healer | Electro Dragon | Elixir Golem | Ice Spirit | Lumberjack | Mini P.E.K.K.A | Poison;#9LUVQU89G;1
#8JL02UG2;07/06/2026 10:04;Luca;#PVQGLYY8C;0;14000;ClanDerAktiven;1V/1D/0E;0;0;0;TripleElixir_Ladder;riverRacePvP;Spirit Square;Bowler | Electro Dragon | Goblin Machine | Magic Archer | P.E.K.K.A | Ram Rider | Tornado | Vines;;0;0;0;0;0;Tower Princess;Tower Princess;4.62;0;9.88;0;;2026-W23;TripleElixir_Ladder;Brasil Meta;Bowler | Electro Dragon | Goblin Machine | Magic Archer | P.E.K.K.A | Ram Rider | Tornado | Vines;#8JL02UG2;1
#8JL02UG2;06/06/2026 10:23;Süleymania;#PRV999VG;0;14000;1881-193∞;1V/0D/0E;0;0;0;TripleElixir_Ladder;riverRacePvP;Spirit Square;Barbarian Barrel | Battle Ram | Goblin Hut | Mega Knight | Mini P.E.K.K.A | Poison | Spirit Empress | Wizard;;0;0;0;0;0;Tower Princess;Tower Princess;4.5;0;11.75;0;;2026-W23;TripleElixir_Ladder;Brasil Meta;Barbarian Barrel | Battle Ram | Goblin Hut | Mega Knight | Mini P.E.K.K.A | Poison | Spirit Empress | Wizard;#8JL02UG2;1
#Q2RVPCGQ;07/06/2026 22:24;danny22;#8LJQQGYRP;0;13000;Taiwanese;0V/1D/0E;0;0;0;TripleElixir_Ladder;riverRacePvP;Spirit Square;Archer Queen | Firecracker | Golem | Inferno Dragon | Night Witch | Spirit Empress | The Log | Tornado;;0;0;0;0;0;Tower Princess;Tower Princess;4.38;0;9.5;0;;2026-W23;TripleElixir_Ladder;Global Meta;Archer Queen | Firecracker | Golem | Inferno Dragon | Night Witch | Spirit Empress | The Log | Tornado;#Q2RVPCGQ;1
#8R8QGGV2;08/06/2026 05:33;Munt 555;#82J2L0U0;0;10651;P&B Lovely;0V/1D/0E;0;0;0;TripleElixir_Ladder;riverRacePvP;Spirit Square;Dark Prince | Elixir Collector | Giant | Heal Spirit | Mini P.E.K.K.A | Rage | Witch | Zap;;0;0;0;0;0;Tower Princess;Tower Princess;3.62;0;13.0;0;;2026-W24;TripleElixir_Ladder;Global Meta;Dark Prince | Elixir Collector | Giant | Heal Spirit | Mini P.E.K.K.A | Rage | Witch | Zap;#8R8QGGV2;1
#8R8QGGV2;08/06/2026 05:24;scorpion;#2JQJ02UJU;0;12605;Toufi;0V/1D/0E;0;0;0;TripleElixir_Ladder;riverRacePvP;Spirit Square;Baby Dragon | Bats | Goblin Curse | Goblin Gang | Goblin Giant | Miner | Skeleton King | Sparky;;0;0;0;0;0;Tower Princess;Tower Princess;3.75;0;10.88;0;;2026-W24;TripleElixir_Ladder;Global Meta;Baby Dragon | Bats | Goblin Curse | Goblin Gang | Goblin Giant | Miner | Skeleton King | Sparky;#8R8QGGV2;1
#8R8QGGV2;07/06/2026 22:57;monkey 23;#VPY0QRPC;0;13239;精战堂-分部1号;0V/1D/0E;0;0;0;TripleElixir_Ladder;riverRacePvP;Spirit Square;Berserker | Dart Goblin | Fire Spirit | Goblin Barrel | Ice Spirit | Skeleton Army | The Log | Wall Breakers;;0;0;0;0;0;Tower Princess;Tower Princess;2.12;0;12.75;0;;2026-W23;TripleElixir_Ladder;Global Meta;Berserker | Dart Goblin | Fire Spirit | Goblin Barrel | Ice Spirit | Skeleton Army | The Log | Wall Breakers;#8R8QGGV2;1
#YGLCUYY9;07/06/2026 23:30;EMANUEL 504;#RGQ0LULU2;0;13060;TK6.504;0V/1D/0E;0;0;0;TripleElixir_Ladder;riverRacePvP;Spirit Square;Cannon | Firecracker | Hog Rider | Ice Golem | Mega Knight | Mighty Miner | Musketeer | Skeletons;;0;0;0;0;0;Tower Princess;Tower Princess;3.5;0;12.75;0;;2026-W23;TripleElixir_Ladder;Global Meta;Cannon | Firecracker | Hog Rider | Ice Golem | Mega Knight | Mighty Miner | Musketeer | Skeletons;#YGLCUYY9;1
#8R0RY899;06/06/2026 13:59;Flashlightning;#8C29YJ00;0;10530;Bashers 2.0;0V/1D/0E;0;0;0;TripleElixir_Ladder;riverRacePvP;Spirit Square;Balloon | Cannon | Fireball | Goblin Gang | Ice Golem | Lumberjack | Musketeer | The Log;;0;0;0;0;0;Tower Princess;Tower Princess;3.38;0;12.62;0;;2026-W23;TripleElixir_Ladder;Global Meta;Balloon | Cannon | Fireball | Goblin Gang | Ice Golem | Lumberjack | Musketeer | The Log;#8R0RY899;1
#9U0VRRQQ;08/06/2026 07:24;Huba❤️Buba;#JGYCCG8PC;0;14000;ALBANIAN EMPIRE;0V/1D/0E;0;0;0;TripleElixir_Ladder;riverRacePvP;Spirit Square;Elixir Golem | Executioner | Fireball | Firecracker | Mega Knight | Mega Minion | Royal Hogs | Wizard;;0;0;0;0;0;Tower Princess;Tower Princess;4.38;0;12.88;0;;2026-W24;TripleElixir_Ladder;Global Meta;Elixir Golem | Executioner | Fireball | Firecracker | Mega Knight | Mega Minion | Royal Hogs | Wizard;#9U0VRRQQ;1
#9U0VRRQQ;01/06/2026 22:56;kingkong;#PQG9Y0UY;0;13015;코리아;0V/1D/0E;0;0;0;TripleElixir_Ladder;riverRacePvP;Spirit Square;Elixir Golem | Fireball | Firecracker | Mega Knight | Mega Minion | Royal Hogs | Three Musketeers | Wizard;;0;0;0;0;0;Tower Princess;Tower Princess;4.88;0;13.25;0;;2026-W23;TripleElixir_Ladder;Global Meta;Elixir Golem | Fireball | Firecracker | Mega Knight | Mega Minion | Royal Hogs | Three Musketeers | Wizard;#9U0VRRQQ;1
#9VJVLY9GU;08/06/2026 08:31;分隊長;#PQQCP9YL;0;13069;Hyper Japan 2;0V/1D/0E;0;0;0;TripleElixir_Ladder;riverRacePvP;Spirit Square;Arrows | Battle Ram | Bomber | Dark Prince | Elite Barbarians | Executioner | Musketeer | Valkyrie;;0;0;0;0;0;Tower Princess;Tower Princess;4.0;0;12.75;0;;2026-W24;TripleElixir_Ladder;Global Meta;Arrows | Battle Ram | Bomber | Dark Prince | Elite Barbarians | Executioner | Musketeer | Valkyrie;#9VJVLY9GU;1
#9VJVLY9GU;06/06/2026 08:21;Hae;#Y928U099;0;12206;Sumatera;0V/1D/0E;0;0;0;TripleElixir_Ladder;riverRacePvP;Spirit Square;Dart Goblin | Goblin Barrel | Knight | Miner | Princess | Rocket | Tesla | The Log;;0;0;0;0;0;Tower Princess;Tower Princess;3.38;0;11.25;0;;2026-W23;TripleElixir_Ladder;Global Meta;Dart Goblin | Goblin Barrel | Knight | Miner | Princess | Rocket | Tesla | The Log;#9VJVLY9GU;1
#QVYR288Q2;07/06/2026 22:05;I ᴀᴍ Lᴇᴏ;#CPRRRLCVY;0;14000;Barcelona 100's;0V/1D/0E;0;0;0;TripleElixir_Ladder;riverRacePvP;Spirit Square;Arrows | Goblin Barrel | Mini P.E.K.K.A | Poison | Prince | Ram Rider | Valkyrie | Witch;;0;0;0;0;0;Tower Princess;Tower Princess;4.12;0;11.62;0;;2026-W23;TripleElixir_Ladder;Global Meta;Arrows | Goblin Barrel | Mini P.E.K.K.A | Poison | Prince | Ram Rider | Valkyrie | Witch;#QVYR288Q2;1
#LYQ2J02CG;07/06/2026 20:53;misterRagna;#UJ2Y2U89U;0;12127;Sons of anarchy;0V/1D/0E;0;0;0;TripleElixir_Ladder;riverRacePvP;Spirit Square;Archers | Bomb Tower | Dark Prince | Giant Snowball | Mega Knight | Mega Minion | Skeleton Army | Witch;;0;0;0;0;0;Tower Princess;Tower Princess;3.88;0;11.5;0;;2026-W23;TripleElixir_Ladder;Brasil Meta;Archers | Bomb Tower | Dark Prince | Giant Snowball | Mega Knight | Mega Minion | Skeleton Army | Witch;#LYQ2J02CG;1
#8QYY0QCC2;07/06/2026 11:29;mannox;#CPLRRGP0;0;13060;>>Firestorm<<;0V/1D/0E;0;0;0;TripleElixir_Ladder;riverRacePvP;Spirit Square;Archer Queen | Earthquake | Royal Delivery | Royal Hogs | Skeletons | The Log | Tombstone | Valkyrie;;0;0;0;0;0;Tower Princess;Tower Princess;3.25;0;11.38;0;;2026-W23;TripleElixir_Ladder;Brasil Meta;Archer Queen | Earthquake | Royal Delivery | Royal Hogs | Skeletons | The Log | Tombstone | Valkyrie;#8QYY0QCC2;1
#2L80CUU8L;06/06/2026 16:17;el bocha;#P0PYY9YJ;0;14000;GÜEMES TEAM;0V/1D/0E;0;0;0;TripleElixir_Ladder;riverRacePvP;Spirit Square;Balloon | Electro Dragon | Firecracker | Freeze | Golden Knight | Ice Spirit | Lumberjack | Tesla;;0;0;0;0;0;Tower Princess;Tower Princess;3.75;0;11.5;0;;2026-W23;TripleElixir_Ladder;Brasil Meta;Balloon | Electro Dragon | Firecracker | Freeze | Golden Knight | Ice Spirit | Lumberjack | Tesla;#2L80CUU8L;1
#2V29GPRLV;05/06/2026 23:28;Good;#28L8LUGU9;0;14000;(-LIGHT MOON-);0V/1D/0E;0;0;0;TripleElixir_Ladder;riverRacePvP;Spirit Square;Battle Healer | Dark Prince | Electro Dragon | Elixir Golem | Firecracker | P.E.K.K.A | Tornado | Witch;;0;0;0;0;0;Tower Princess;Tower Princess;4.25;0;11.25;0;;2026-W23;TripleElixir_Ladder;Brasil Meta;Battle Healer | Dark Prince | Electro Dragon | Elixir Golem | Firecracker | P.E.K.K.A | Tornado | Witch;#2V29GPRLV;1
#YG9LYLPLG;08/06/2026 07:16;微風;#9CCQYP0G;0;13563;☆TAIWAN☆;0V/1D/0E;0;0;0;TripleElixir_Ladder;riverRacePvP;Spirit Square;Bandit | P.E.K.K.A | Phoenix | Poison | Ram Rider | Royal Ghost | Wizard | Zap;;0;0;0;0;0;Tower Princess;Tower Princess;4.12;0;10.12;0;;2026-W24;TripleElixir_Ladder;Brasil Meta;Bandit | P.E.K.K.A | Phoenix | Poison | Ram Rider | Royal Ghost | Wizard | Zap;#YG9LYLPLG;1
#9CG9CRCG9;04/06/2026 12:22;xHero;#VUG0G80PJ;0;15;Sem cla;14V/2D/0E;0;0;0;TripleElixir_Friendly;trail;Legendary Arena;Baby Dragon | Barbarian Barrel | Bowler | Cannon | Electro Giant | Ice Wizard | Lightning | Tornado;;0;0;0;0;0;Tower Princess;Tower Princess;4.12;0;6.25;0;;2026-W23;TripleElixir_Friendly;Global Meta;Baby Dragon | Barbarian Barrel | Bowler | Cannon | Electro Giant | Ice Wizard | Lightning | Tornado;#9CG9CRCG9;1
#PR82CLCVV;06/06/2026 06:07;H.C. michael;#L8U2CP80;0;3;Legión Sombria;3V/2D/0E;0;0;0;TripleElixir_Friendly;trail;Legendary Arena;Arrows | Giant Skeleton | Mega Knight | Minions | Prince | Tesla | Witch | Wizard;;0;0;0;0;0;Tower Princess;Tower Princess;4.75;0;7.88;0;;2026-W23;TripleElixir_Friendly;Global Meta;Arrows | Giant Skeleton | Mega Knight | Minions | Prince | Tesla | Witch | Wizard;#PR82CLCVV;1
#PR82CLCVV;06/06/2026 06:16;Dr Joker;#QGL9GPL2Y;0;4;Zhu Hai;1V/1D/0E;0;0;0;TripleElixir_Friendly;trail;Legendary Arena;Giant Skeleton | Mega Knight | Minions | Prince | Sparky | Tesla | Witch | Wizard;;0;0;0;0;0;Tower Princess;Tower Princess;5.12;0;6.88;0;;2026-W23;TripleElixir_Friendly;Global Meta;Giant Skeleton | Mega Knight | Minions | Prince | Sparky | Tesla | Witch | Wizard;#PR82CLCVV;1
#9CG9CRCG9;05/06/2026 06:12;MR✓محمد;#8LG989U88;0;15;Legends Saudi♨️;0V/1D/0E;0;0;0;TripleElixir_Friendly;trail;Legendary Arena;Electro Spirit | Hog Rider | Lightning | Magic Archer | Mega Knight | Skeletons | Tesla | The Log;;0;0;0;0;0;Tower Princess;Tower Princess;3.62;0;7.12;0;;2026-W23;TripleElixir_Friendly;Global Meta;Electro Spirit | Hog Rider | Lightning | Magic Archer | Mega Knight | Skeletons | Tesla | The Log;#9CG9CRCG9;1
#9CG9CRCG9;05/06/2026 04:01;Bayron Andrade;#28UV29G;0;15;Este esel bueno;0V/1D/0E;0;0;0;TripleElixir_Friendly;trail;Legendary Arena;Barbarian Barrel | Bowler | Electro Giant | Goblin Cage | Inferno Dragon | Lightning | Mother Witch | Tornado;;0;0;0;0;0;Tower Princess;Tower Princess;4.38;0;5.62;0;;2026-W23;TripleElixir_Friendly;Global Meta;Barbarian Barrel | Bowler | Electro Giant | Goblin Cage | Inferno Dragon | Lightning | Mother Witch | Tornado;#9CG9CRCG9;1
#2RCQ2GCQU;07/06/2026 23:27;carlos;#88L2YCUYQ;0;14000;Electric Team;2V/0D/0E;0;0;0;TripleElixir_Ladder;riverRacePvP;Spirit Square;Barbarian Barrel | Fireball | Goblin Cage | Magic Archer | Royal Hogs | Royal Recruits | Vines | Zappies;;0;0;0;0;0;Tower Princess;Tower Princess;4.12;0;12.75;0;;2026-W23;TripleElixir_Ladder;Global Meta;Barbarian Barrel | Fireball | Goblin Cage | Magic Archer | Royal Hogs | Royal Recruits | Vines | Zappies;#2RCQ2GCQU;1
#GCL22QLJG;06/06/2026 18:51;turk02;#29G900JPL;0;12298;Mac Leod II;2V/1D/0E;0;0;0;TripleElixir_Ladder;riverRacePvP;Spirit Square;Dark Prince | Fireball | Goblin Gang | Miner | Minions | P.E.K.K.A | Princess | Zap;;0;0;0;0;0;Tower Princess;Tower Princess;3.62;0;12.5;0;;2026-W23;TripleElixir_Ladder;Brasil Meta;Dark Prince | Fireball | Goblin Gang | Miner | Minions | P.E.K.K.A | Princess | Zap;#GCL22QLJG;1
#8U2C2QR2,#PLGJUJCQ,#YC88P8GRU;07/06/2026 16:54;ghk;#200LQ98CRL;0;12224;AustrianSoldier;4V/0D/0E;0;0;0;TripleElixir_Ladder;riverRacePvP;Spirit Square;Cannon | Fireball | Hog Rider | Ice Golem | Ice Spirit | Musketeer | Skeletons | The Log;;0;0;0;0;0;Tower Princess;Tower Princess;2.62;0;13.94;0;;2026-W23;TripleElixir_Ladder;Global Meta;Cannon | Fireball | Hog Rider | Ice Golem | Ice Spirit | Musketeer | Skeletons | The Log;#8U2C2QR2,#PLGJUJCQ,#YC88P8GRU;3
#2RCQ2GCQU;07/06/2026 23:31;⚡️brazzino777⚡️;#GV9JGJPY2;0;14000;tomeseñoratome;1V/1D/0E;0;0;0;TripleElixir_Ladder;riverRacePvP;Spirit Square;Arrows | Bandit | Battle Ram | Golden Knight | Guards | Mega Knight | Poison | Witch;;0;0;0;0;0;Tower Princess;Tower Princess;4.12;0;10.62;0;;2026-W23;TripleElixir_Ladder;Global Meta;Arrows | Bandit | Battle Ram | Golden Knight | Guards | Mega Knight | Poison | Witch;#2RCQ2GCQU;1
#PY98QRP9;07/06/2026 15:17;larrycellers;#J99RQCVG;0;14000;Roll Tide;1V/0D/0E;0;0;0;TripleElixir_Ladder;riverRacePvP;Spirit Square;Baby Dragon | Bandit | Boss Bandit | Dark Prince | Giant Snowball | Miner | Rocket | Skeletons;;0;0;0;0;0;Tower Princess;Tower Princess;3.62;0;11.0;0;;2026-W23;TripleElixir_Ladder;Global Meta;Baby Dragon | Bandit | Boss Bandit | Dark Prince | Giant Snowball | Miner | Rocket | Skeletons;#PY98QRP9;1
#8V8RGLGY0;08/06/2026 00:48;Dellish Sol;#988RP22R;0;13000;207 Maine AH’s;1V/0D/0E;0;0;0;TripleElixir_Ladder;riverRacePvP;Spirit Square;Balloon | Barbarian Barrel | Bowler | Electro Dragon | Freeze | Inferno Dragon | Lumberjack | Tornado;;0;0;0;0;0;Tower Princess;Tower Princess;4.0;0;9.88;0;;2026-W24;TripleElixir_Ladder;Global Meta;Balloon | Barbarian Barrel | Bowler | Electro Dragon | Freeze | Inferno Dragon | Lumberjack | Tornado;#8V8RGLGY0;1
#8V8RGLGY0;08/06/2026 00:45;darkKing;#QV2LQV90;0;13740;Nova Chile;1V/0D/0E;0;0;0;TripleElixir_Ladder;riverRacePvP;Spirit Square;Archers | Bomb Tower | Fireball | Furnace | Ice Golem | Royal Delivery | Valkyrie | X-Bow;;0;0;0;0;0;Tower Princess;Tower Princess;3.75;0;13.0;0;;2026-W24;TripleElixir_Ladder;Global Meta;Archers | Bomb Tower | Fireball | Furnace | Ice Golem | Royal Delivery | Valkyrie | X-Bow;#8V8RGLGY0;1
#8V8RGLGY0;08/06/2026 00:38;chino;#CUQL08QLC;0;12854;Evolve;1V/0D/0E;0;0;0;TripleElixir_Ladder;riverRacePvP;Spirit Square;Bats | Earthquake | Fire Spirit | Firecracker | Hog Rider | Skeletons | Tesla | The Log;;0;0;0;0;0;Tower Princess;Tower Princess;2.5;0;14.0;0;;2026-W24;TripleElixir_Ladder;Global Meta;Bats | Earthquake | Fire Spirit | Firecracker | Hog Rider | Skeletons | Tesla | The Log;#8V8RGLGY0;1
#G2Q298UY0;07/06/2026 22:38;MaiSha ✿;#YQ89ULPGL;0;13056;Guardian Army;1V/0D/0E;0;0;0;TripleElixir_Ladder;riverRacePvP;Spirit Square;Arrows | Balloon | Executioner | Giant Snowball | Goblin Gang | Lumberjack | P.E.K.K.A | Tornado;;0;0;0;0;0;Tower Princess;Tower Princess;4.0;0;12.5;0;;2026-W23;TripleElixir_Ladder;Global Meta;Arrows | Balloon | Executioner | Giant Snowball | Goblin Gang | Lumberjack | P.E.K.K.A | Tornado;#G2Q298UY0;1
#G2Q298UY0;07/06/2026 20:47;checo fdz;#LL0PY22Y;0;14000;Papitas Saladas;1V/0D/0E;0;0;0;TripleElixir_Ladder;riverRacePvP;Spirit Square;Dart Goblin | Freeze | Hog Rider | Mega Knight | Skeletons | The Log | Valkyrie | Witch;;0;0;0;0;0;Tower Princess;Tower Princess;3.75;0;11.0;0;;2026-W23;TripleElixir_Ladder;Global Meta;Dart Goblin | Freeze | Hog Rider | Mega Knight | Skeletons | The Log | Valkyrie | Witch;#G2Q298UY0;1
#G2Q298UY0;07/06/2026 20:42;Julian;#80LLUG8P9;0;14000;尺ﾘЦ Team 龍;1V/0D/0E;0;0;0;TripleElixir_Ladder;riverRacePvP;Spirit Square;Barbarian Barrel | Cannon | Fireball | Firecracker | Goblins | Knight | Musketeer | Royal Giant;;0;0;0;0;0;Tower Princess;Tower Princess;3.38;0;14.5;0;;2026-W23;TripleElixir_Ladder;Global Meta;Barbarian Barrel | Cannon | Fireball | Firecracker | Goblins | Knight | Musketeer | Royal Giant;#G2Q298UY0;1
#G2Q298UY0;07/06/2026 18:44;Du - Noob;#9C88RGQCL;0;13010;Bayern München;1V/0D/0E;0;0;0;TripleElixir_Ladder;riverRacePvP;Spirit Square;Goblin Barrel | Guards | Ice Wizard | Magic Archer | Mighty Miner | Poison | Royal Hogs | Tesla;;0;0;0;0;0;Tower Princess;Tower Princess;3.75;0;10.25;0;;2026-W23;TripleElixir_Ladder;Global Meta;Goblin Barrel | Guards | Ice Wizard | Magic Archer | Mighty Miner | Poison | Royal Hogs | Tesla;#G2Q298UY0;1
#8U2C2QR2;08/06/2026 07:29;VALERI;#VPGQ0C8JJ;0;11801;ESPARTANOS;1V/0D/0E;0;0;0;TripleElixir_Ladder;riverRacePvP;Spirit Square;Goblin Gang | Knight | Mega Knight | Mortar | Princess | Rocket | Royal Delivery | Wall Breakers;;0;0;0;0;0;Tower Princess;Tower Princess;3.88;0;12.25;0;;2026-W24;TripleElixir_Ladder;Global Meta;Goblin Gang | Knight | Mega Knight | Mortar | Princess | Rocket | Royal Delivery | Wall Breakers;#8U2C2QR2;1
#8U2C2QR2;07/06/2026 07:20;stve2a;#28PVQUQP2;0;12532;Team Kirool;1V/1D/0E;0;0;0;TripleElixir_Ladder;riverRacePvP;Spirit Square;Goblin Gang | Knight | Mega Knight | Mortar | Princess | Rocket | Royal Delivery | Wall Breakers;;0;0;0;0;0;Tower Princess;Tower Princess;3.88;0;12.25;0;;2026-W23;TripleElixir_Ladder;Global Meta;Goblin Gang | Knight | Mega Knight | Mortar | Princess | Rocket | Royal Delivery | Wall Breakers;#8U2C2QR2;1
#PLGJUJCQ;07/06/2026 17:05;wxyqz;#JQVVGJJJP;0;13317;venezuela;1V/0D/0E;0;0;0;TripleElixir_Ladder;riverRacePvP;Spirit Square;Dark Prince | Electro Dragon | Executioner | Golem | Ice Wizard | Lightning | Mini P.E.K.K.A | Tornado;;0;0;0;0;0;Tower Princess;Tower Princess;4.75;0;11.0;0;;2026-W23;TripleElixir_Ladder;Global Meta;Dark Prince | Electro Dragon | Executioner | Golem | Ice Wizard | Lightning | Mini P.E.K.K.A | Tornado;#PLGJUJCQ;1
#PLGJUJCQ;07/06/2026 17:01;Legend;#CY98CCLG;0;11741;Damn-a Monkeys;1V/0D/0E;0;0;0;TripleElixir_Ladder;riverRacePvP;Spirit Square;Archer Queen | Earthquake | Electro Spirit | Minions | Royal Delivery | Royal Hogs | Tesla | Zap;;0;0;0;0;0;Tower Princess;Tower Princess;3.25;0;13.88;0;;2026-W23;TripleElixir_Ladder;Global Meta;Archer Queen | Earthquake | Electro Spirit | Minions | Royal Delivery | Royal Hogs | Tesla | Zap;#PLGJUJCQ;1
#PLGJUJCQ;07/06/2026 16:57;TRUMPY TRUMP;#JU8GPJJCP;0;12795;18CONEJOS;1V/0D/0E;0;0;0;TripleElixir_Ladder;riverRacePvP;Spirit Square;Dart Goblin | Giant Snowball | Goblin Barrel | Goblin Gang | Inferno Tower | Knight | Poison | Princess;;0;0;0;0;0;Tower Princess;Tower Princess;3.25;0;12.88;0;;2026-W23;TripleElixir_Ladder;Global Meta;Dart Goblin | Giant Snowball | Goblin Barrel | Goblin Gang | Inferno Tower | Knight | Poison | Princess;#PLGJUJCQ;1
#UPQQGR90U;07/06/2026 12:55;PerFicace;#QRGQYL8Q8;0;12853;legione ribelle;1V/0D/0E;0;0;0;TripleElixir_Ladder;riverRacePvP;Spirit Square;Berserker | Dart Goblin | Fireball | Lumberjack | Mighty Miner | Royal Hogs | Skeleton Army | Valkyrie;;0;0;0;0;0;Tower Princess;Tower Princess;3.62;0;10.88;0;;2026-W23;TripleElixir_Ladder;Global Meta;Berserker | Dart Goblin | Fireball | Lumberjack | Mighty Miner | Royal Hogs | Skeleton Army | Valkyrie;#UPQQGR90U;1
#UPQQGR90U;07/06/2026 12:45;ᅠ ᅠ;#UVVUYLYR2;0;13796;Добрыня_academy;1V/0D/0E;0;0;0;TripleElixir_Ladder;riverRacePvP;Spirit Square;Arrows | Bats | Cannon | Hog Rider | Ice Wizard | Inferno Dragon | Knight | Mega Knight;;0;0;0;0;0;Tower Princess;Tower Princess;3.62;0;12.5;0;;2026-W23;TripleElixir_Ladder;Global Meta;Arrows | Bats | Cannon | Hog Rider | Ice Wizard | Inferno Dragon | Knight | Mega Knight;#UPQQGR90U;1
#UPQQGR90U;07/06/2026 01:18;nikco MVP;#2LJGRRQ8L;0;13060;Chilean_warrior;1V/1D/0E;0;0;0;TripleElixir_Ladder;riverRacePvP;Spirit Square;Archers | Dart Goblin | Fireball | Lumberjack | Mighty Miner | Royal Hogs | Skeleton Army | Valkyrie;;0;0;0;0;0;Tower Princess;Tower Princess;3.75;0;11.0;0;;2026-W23;TripleElixir_Ladder;Global Meta;Archers | Dart Goblin | Fireball | Lumberjack | Mighty Miner | Royal Hogs | Skeleton Army | Valkyrie;#UPQQGR90U;1
#UPQQGR90U;05/06/2026 20:39;❤️ Gabina ❤️;#PYYUQVLQG;0;13501;La Guardia B;1V/0D/0E;0;0;0;TripleElixir_Ladder;riverRacePvP;Spirit Square;Berserker | Electro Dragon | Goblin Curse | Golden Knight | Musketeer | P.E.K.K.A | Skeleton Barrel | Zap;;0;0;0;0;0;Tower Princess;Tower Princess;3.62;0;10.88;0;;2026-W23;TripleElixir_Ladder;Global Meta;Berserker | Electro Dragon | Goblin Curse | Golden Knight | Musketeer | P.E.K.K.A | Skeleton Barrel | Zap;#UPQQGR90U;1
#YC88P8GRU;07/06/2026 09:27;nefox;#29U0C988C;0;12826;E.L.I.T.E.S 2;1V/0D/0E;0;0;0;TripleElixir_Ladder;riverRacePvP;Spirit Square;Arrows | Battle Healer | Electro Dragon | Elite Barbarians | Elixir Golem | Inferno Dragon | Rage | Tornado;;0;0;0;0;0;Tower Princess;Tower Princess;3.75;0;11.0;0;;2026-W23;TripleElixir_Ladder;Global Meta;Arrows | Battle Healer | Electro Dragon | Elite Barbarians | Elixir Golem | Inferno Dragon | Rage | Tornado;#YC88P8GRU;1
#8QYY0QCC2;07/06/2026 11:33;luxary;#CR0RPYLYG;0;12349;Türkiye;1V/0D/0E;0;0;0;TripleElixir_Ladder;riverRacePvP;Spirit Square;Archers | Arrows | Balloon | Fisherman | Goblinstein | Ice Spirit | Lumberjack | Royal Recruits;;0;0;0;0;0;Tower Princess;Tower Princess;3.88;0;10.75;0;;2026-W23;TripleElixir_Ladder;Brasil Meta;Archers | Arrows | Balloon | Fisherman | Goblinstein | Ice Spirit | Lumberjack | Royal Recruits;#8QYY0QCC2;1
#8QYY0QCC2;07/06/2026 11:26;Its Abhi;#22V99JC00;0;12644;INDIAN RECRUITS;1V/0D/0E;0;0;0;TripleElixir_Ladder;riverRacePvP;Spirit Square;Bowler | Cannon Cart | Fireball | Goblin Gang | Mini P.E.K.K.A | Mortar | Suspicious Bush | Tesla;;0;0;0;0;0;Tower Princess;Tower Princess;3.88;0;13.25;0;;2026-W23;TripleElixir_Ladder;Brasil Meta;Bowler | Cannon Cart | Fireball | Goblin Gang | Mini P.E.K.K.A | Mortar | Suspicious Bush | Tesla;#8QYY0QCC2;1
#8QYY0QCC2;07/06/2026 11:22;firewolfblue;#PQCG08YJ2;0;13784;Great FR;1V/0D/0E;0;0;0;TripleElixir_Ladder;riverRacePvP;Spirit Square;Barbarian Barrel | Goblin Cage | Graveyard | Ice Wizard | Knight | Poison | Vines | Witch;;0;0;0;0;0;Tower Princess;Tower Princess;3.62;0;10.25;0;;2026-W23;TripleElixir_Ladder;Brasil Meta;Barbarian Barrel | Goblin Cage | Graveyard | Ice Wizard | Knight | Poison | Vines | Witch;#8QYY0QCC2;1
#99CVCRP8V;08/06/2026 08:58;뱅뱅;#9Y8VVYJL;0;14000;Korea#;1V/0D/0E;0;0;0;TripleElixir_Ladder;riverRacePvP;Spirit Square;Arrows | Fireball | Flying Machine | Goblin Hut | Graveyard | Royal Giant | Valkyrie | Wizard;;0;0;0;0;0;Tower Princess;Tower Princess;4.38;0;13.75;0;;2026-W24;TripleElixir_Ladder;Brasil Meta;Arrows | Fireball | Flying Machine | Goblin Hut | Graveyard | Royal Giant | Valkyrie | Wizard;#99CVCRP8V;1
#GCL22QLJG;07/06/2026 22:53;IamGrooT;#QPQCQYJ2R;0;12549;Canadian Navy;1V/1D/0E;0;0;0;TripleElixir_Ladder;riverRacePvP;Spirit Square;Barbarian Barrel | Electro Dragon | Graveyard | Knight | Musketeer | Poison | Tombstone | Tornado;;0;0;0;0;0;Tower Princess;Tower Princess;3.62;0;11.75;0;;2026-W23;TripleElixir_Ladder;Brasil Meta;Barbarian Barrel | Electro Dragon | Graveyard | Knight | Musketeer | Poison | Tombstone | Tornado;#GCL22QLJG;1
#J2VPLJYGL;07/06/2026 09:51;baran;#VUYG8PQJU;0;12026;İZMİR;1V/0D/0E;0;0;0;TripleElixir_Ladder;riverRacePvP;Spirit Square;Archers | Electro Spirit | Knight | Rocket | Skeletons | Tesla | The Log | X-Bow;;0;0;0;0;0;Tower Princess;Tower Princess;3.25;0;14.12;0;;2026-W23;TripleElixir_Ladder;Brasil Meta;Archers | Electro Spirit | Knight | Rocket | Skeletons | Tesla | The Log | X-Bow;#J2VPLJYGL;1
#8JL02UG2;06/06/2026 10:23;Süleymania;#PRV999VG;0;14000;1881-193∞;1V/0D/0E;0;0;0;TripleElixir_Ladder;riverRacePvP;Spirit Square;Barbarian Barrel | Battle Ram | Goblin Hut | Mega Knight | Mini P.E.K.K.A | Poison | Spirit Empress | Wizard;;0;0;0;0;0;Tower Princess;Tower Princess;4.5;0;11.75;0;;2026-W23;TripleElixir_Ladder;Brasil Meta;Barbarian Barrel | Battle Ram | Goblin Hut | Mega Knight | Mini P.E.K.K.A | Poison | Spirit Empress | Wizard;#8JL02UG2;1
#8JL02UG2;06/06/2026 10:18;⚡Der Wikinger⚡;#8G08LR9PJ;0;13405;Cgn Warriors;1V/0D/0E;0;0;0;TripleElixir_Ladder;riverRacePvP;Spirit Square;Arrows | Balloon | Furnace | Golem | Lightning | Lumberjack | Night Witch | Suspicious Bush;;0;0;0;0;0;Tower Princess;Tower Princess;4.5;0;11.62;0;;2026-W23;TripleElixir_Ladder;Brasil Meta;Arrows | Balloon | Furnace | Golem | Lightning | Lumberjack | Night Witch | Suspicious Bush;#8JL02UG2;1
#C9YUQ28PQ;04/06/2026 04:44;prinz;#2J8CUP8V9;0;13471;Syrian Warriors;0V/1D/0E;0;0;0;TripleElixir_Ladder;riverRacePvP;Spirit Square;Archer Queen | Cannon | Earthquake | Firecracker | Giant Skeleton | Hog Rider | Ice Spirit | Skeletons;;0;0;0;0;0;Tower Princess;Tower Princess;3.25;0;13.38;0;;2026-W23;TripleElixir_Ladder;Global Meta;Archer Queen | Cannon | Earthquake | Firecracker | Giant Skeleton | Hog Rider | Ice Spirit | Skeletons;#C9YUQ28PQ;1
#8V8RGLGY0;08/06/2026 00:41;Love;#J9PLJ8VY0;0;10077;50 knights;0V/1D/0E;0;0;0;TripleElixir_Ladder;riverRacePvP;Spirit Square;Baby Dragon | Cannon | Goblin Barrel | Knight | Mighty Miner | Musketeer | Princess | Rocket;;0;0;0;0;0;Tower Princess;Tower Princess;3.75;0;11.5;0;;2026-W24;TripleElixir_Ladder;Global Meta;Baby Dragon | Cannon | Goblin Barrel | Knight | Mighty Miner | Musketeer | Princess | Rocket;#8V8RGLGY0;1
#22YCUYYJ0;05/06/2026 16:48;Nina;#URQ22GVU;0;13628;silly serpents;0V/1D/0E;0;0;0;TripleElixir_Ladder;riverRacePvP;Spirit Square;Fire Spirit | Golden Knight | Heal Spirit | Mini P.E.K.K.A | Ram Rider | Skeletons | Tesla | Wizard;;0;0;0;0;0;Tower Princess;Tower Princess;3.12;0;12.38;0;;2026-W23;TripleElixir_Ladder;Global Meta;Fire Spirit | Golden Knight | Heal Spirit | Mini P.E.K.K.A | Ram Rider | Skeletons | Tesla | Wizard;#22YCUYYJ0;1
#UPQQGR90U;07/06/2026 12:52;prohráls?;#UPC0PR882;0;11681;cz/sk borci;0V/1D/0E;0;0;0;TripleElixir_Ladder;riverRacePvP;Spirit Square;Archers | Electro Dragon | Goblin Curse | Golden Knight | Musketeer | P.E.K.K.A | Skeleton Barrel | Zap;;0;0;0;0;0;Tower Princess;Tower Princess;3.75;0;11.0;0;;2026-W23;TripleElixir_Ladder;Global Meta;Archers | Electro Dragon | Goblin Curse | Golden Knight | Musketeer | P.E.K.K.A | Skeleton Barrel | Zap;#UPQQGR90U;1
#UPQQGR90U;07/06/2026 12:49;°°ElBaTTuTa°°;#YC9Y2G828;0;13000;Perú;0V/1D/0E;0;0;0;TripleElixir_Ladder;riverRacePvP;Spirit Square;Boss Bandit | Bowler | Firecracker | Goblin Barrel | Guards | Royal Delivery | The Log | Witch;;0;0;0;0;0;Tower Princess;Tower Princess;3.75;0;10.5;0;;2026-W23;TripleElixir_Ladder;Global Meta;Boss Bandit | Bowler | Firecracker | Goblin Barrel | Guards | Royal Delivery | The Log | Witch;#UPQQGR90U;1
#YC88P8GRU;07/06/2026 09:37;ilyes;#LR9JRPC9R;0;12211;Dz Warriors;0V/1D/0E;0;0;0;TripleElixir_Ladder;riverRacePvP;Spirit Square;Firecracker | Giant Skeleton | Goblin Barrel | P.E.K.K.A | Valkyrie | Witch | Wizard | Zap;;0;0;0;0;0;Tower Princess;Tower Princess;4.38;0;11.62;0;;2026-W23;TripleElixir_Ladder;Global Meta;Firecracker | Giant Skeleton | Goblin Barrel | P.E.K.K.A | Valkyrie | Witch | Wizard | Zap;#YC88P8GRU;1
#YC88P8GRU;07/06/2026 09:31;p.l.y.g.m.s;#RYLCU8YQ0;0;10856;izak;0V/1D/0E;0;0;0;TripleElixir_Ladder;riverRacePvP;Spirit Square;Barbarian Barrel | Dark Prince | Dart Goblin | Giant Snowball | Knight | Mega Knight | Mini P.E.K.K.A | Royal Giant;;0;0;0;0;0;Tower Princess;Tower Princess;3.88;0;11.75;0;;2026-W23;TripleElixir_Ladder;Global Meta;Barbarian Barrel | Dark Prince | Dart Goblin | Giant Snowball | Knight | Mega Knight | Mini P.E.K.K.A | Royal Giant;#YC88P8GRU;1
#R0CQL9VUJ;08/06/2026 01:53;Cesar;#2CL90PVJJ;0;13427;m.x clash;0V/1D/0E;0;0;0;TripleElixir_Ladder;riverRacePvP;Spirit Square;Cannon | Fireball | Firecracker | Knight | P.E.K.K.A | Ram Rider | Royal Delivery | Witch;;0;0;0;0;0;Tower Princess;Tower Princess;4.12;0;12.75;0;;2026-W24;TripleElixir_Ladder;Global Meta;Cannon | Fireball | Firecracker | Knight | P.E.K.K.A | Ram Rider | Royal Delivery | Witch;#R0CQL9VUJ;1
#R0CQL9VUJ;08/06/2026 01:00;douglas;#988VPJLP9;0;14000;!UPA!™ Clash ®;0V/1D/0E;0;0;0;TripleElixir_Ladder;riverRacePvP;Spirit Square;Archers | Arrows | Balloon | Hunter | Lightning | Mega Knight | Mini P.E.K.K.A | Tesla;;0;0;0;0;0;Tower Princess;Tower Princess;4.5;0;12.62;0;;2026-W24;TripleElixir_Ladder;Global Meta;Archers | Arrows | Balloon | Hunter | Lightning | Mega Knight | Mini P.E.K.K.A | Tesla;#R0CQL9VUJ;1
#R0CQL9VUJ;08/06/2026 00:57;P&Kastor;#8GQJ8JPY2;0;14000;ANTOFAROYALS;0V/1D/0E;0;0;0;TripleElixir_Ladder;riverRacePvP;Spirit Square;Goblin Barrel | Guards | Ice Spirit | Inferno Tower | Princess | Rocket | The Log | Valkyrie;;0;0;0;0;0;Tower Princess;Tower Princess;3.38;0;11.62;0;;2026-W24;TripleElixir_Ladder;Global Meta;Goblin Barrel | Guards | Ice Spirit | Inferno Tower | Princess | Rocket | The Log | Valkyrie;#R0CQL9VUJ;1
#R0CQL9VUJ;06/06/2026 20:19;MR.X;#U9GLV8QVP;0;13295;SUPERHERO;0V/1D/0E;0;0;0;TripleElixir_Ladder;riverRacePvP;Spirit Square;Clone | Dart Goblin | Giant Skeleton | Giant Snowball | Goblin Gang | Goblin Hut | Minion Horde | Sparky;;0;0;0;0;0;Tower Princess;Tower Princess;4.0;0;12.5;0;;2026-W23;TripleElixir_Ladder;Global Meta;Clone | Dart Goblin | Giant Skeleton | Giant Snowball | Goblin Gang | Goblin Hut | Minion Horde | Sparky;#R0CQL9VUJ;1
#R0CQL9VUJ;06/06/2026 20:16;3P savage;#PQC0RJ2L2;0;13026;2nd Amendment;0V/1D/0E;0;0;0;TripleElixir_Ladder;riverRacePvP;Spirit Square;Cannon | Fireball | Firecracker | Knight | P.E.K.K.A | Ram Rider | Royal Delivery | Witch;;0;0;0;0;0;Tower Princess;Tower Princess;4.12;0;12.75;0;;2026-W23;TripleElixir_Ladder;Global Meta;Cannon | Fireball | Firecracker | Knight | P.E.K.K.A | Ram Rider | Royal Delivery | Witch;#R0CQL9VUJ;1
#2VQ08200R;07/06/2026 00:29;BARNY - );#CCGPVY892;0;13976;Sale Clashito;0V/1D/0E;0;0;0;TripleElixir_Ladder;riverRacePvP;Spirit Square;Arrows | Boss Bandit | Bowler | Cannon | Firecracker | Goblin Gang | Mini P.E.K.K.A | Witch;;0;0;0;0;0;Tower Princess;Tower Princess;4.0;0;12.38;0;;2026-W23;TripleElixir_Ladder;Brasil Meta;Arrows | Boss Bandit | Bowler | Cannon | Firecracker | Goblin Gang | Mini P.E.K.K.A | Witch;#2VQ08200R;1
#2L80CUU8L;05/06/2026 18:57;Xasthur;#UYLVUP09;0;13177;50KINGS★CHILENO;0V/1D/0E;0;0;0;TripleElixir_Ladder;riverRacePvP;Spirit Square;Bats | Bowler | Elixir Golem | Executioner | Furnace | Knight | Tornado | Valkyrie;;0;0;0;0;0;Tower Princess;Tower Princess;3.62;0;12.62;0;;2026-W23;TripleElixir_Ladder;Brasil Meta;Bats | Bowler | Elixir Golem | Executioner | Furnace | Knight | Tornado | Valkyrie;#2L80CUU8L;1
#9R9CLV9;07/06/2026 19:28;Alle Berta;#200LJUVC;0;13520;CivilWar Arma;0V/1D/0E;0;0;0;TripleElixir_Ladder;riverRacePvP;Spirit Square;Arrows | Cannon Cart | Fire Spirit | Goblins | Minions | Mortar | Rascals | Skeleton Barrel;;0;0;0;0;0;Tower Princess;Tower Princess;3.25;0;15.12;0;;2026-W23;TripleElixir_Ladder;Brasil Meta;Arrows | Cannon Cart | Fire Spirit | Goblins | Minions | Mortar | Rascals | Skeleton Barrel;#9R9CLV9;1
#2V29GPRLV;06/06/2026 16:09;elliot;#2209CYQY2;0;11011;Pinoy Experts;0V/1D/0E;0;0;0;TripleElixir_Ladder;riverRacePvP;Spirit Square;Baby Dragon | Barbarian Hut | Battle Healer | Electro Dragon | Elixir Golem | Lightning | The Log | Tornado;;0;0;0;0;0;Tower Princess;Tower Princess;4.12;0;10.25;0;;2026-W23;TripleElixir_Ladder;Brasil Meta;Baby Dragon | Barbarian Hut | Battle Healer | Electro Dragon | Elixir Golem | Lightning | The Log | Tornado;#2V29GPRLV;1
#8JL02UG2;06/06/2026 10:28;—SEIF—;#U9YQRCJ8J;0;14000;Direct Shot;0V/2D/0E;0;0;0;TripleElixir_Ladder;riverRacePvP;Spirit Square;Baby Dragon | Battle Healer | Dark Prince | Electro Giant | Executioner | Fireball | Golden Knight | Hunter;;0;0;0;0;0;Tower Princess;Tower Princess;4.5;0;11.12;0;;2026-W23;TripleElixir_Ladder;Brasil Meta;Baby Dragon | Battle Healer | Dark Prince | Electro Giant | Executioner | Fireball | Golden Knight | Hunter;#8JL02UG2;1
#P8R0QGPCU;08/06/2026 00:31;TWR ☆☬Derek☬☆;#G2Q8P0QQY;0;4;TheWarriorsRage;6V/2D/0E;0;0;0;TripleElixir_Tournament;tournament;Frozen Peak;Balloon | Bowler | Electro Dragon | Fireball | Freeze | Inferno Dragon | Lumberjack | Tornado;;0;0;0;0;0;Tower Princess;Tower Princess;4.25;0;5.62;0;;2026-W24;TripleElixir_Tournament;Global Meta;Balloon | Bowler | Electro Dragon | Fireball | Freeze | Inferno Dragon | Lumberjack | Tornado;#P8R0QGPCU;1
