data_coleta;dia_batalha;conta_tipo;player_tag;player_nome;player_fame;player_posicao;clan_tag;clan_nome;clan_posicao;clan_fame;decks_usados;boat_attacks;deck_1;deck_1_tipo;deck_2;deck_2_tipo;deck_3;deck_3_tipo;deck_4;deck_4_tipo;war_vitorias;war_derrotas;war_medals;war_torre;war_battles_count
2026-06-12;Dia 1;#2QR292P;#2QR292P;ツ ︻デ═一⟿ΔЯ₡λↁΣ☯︎;100;4;#QCLPL9VQ;Tropa Do Bruxo;5;512;1;0;;;;;;;;;0;0;0;Tower Princess;0
2026-06-12;Dia 1;#2QR292P;#299V0CVJC;Geova;200;5;#LLJPJ2JQ;28 royale 29;4;784;1;0;;;;;;;;;0;0;0;Tower Princess;0
2026-06-12;Dia 1;#2QR292P;#GGV0U2UPQ;cratos;275;3;#QCLPL9VQ;Tropa Do Bruxo;5;512;3;3;;;;;;;;;0;0;0;Tower Princess;0
2026-06-12;Dia 1;#2QR292P;#88JYV08L;Kzduardo;325;2;#QCLPL9VQ;Tropa Do Bruxo;5;512;3;3;Hog Rider, Mini P.E.K.K.A, Goblin Barrel, Ice Golem, Electro Dragon, Witch, Barbarian Barrel, Skeletons;Barco;Valkyrie, Wizard, Archers, Golem, Rage, Bats, Skeleton Army, Poison;Barco;Elixir Golem, Firecracker, Magic Archer, Knight, Arrows, Princess, Cannon, Dart Goblin;Barco;Elite Barbarians, Bomber, Goblin Gang, Minions, Inferno Dragon, Tombstone, Fireball, Zap;Barco;3;1;450;Tower Princess;4
2026-06-12;Dia 1;#2QR292P;#9GL20YQG;♤Jun^_^♤;400;4;#LLJPJ2JQ;28 royale 29;4;784;4;4;;;;;;;;;0;0;0;Tower Princess;0
2026-06-12;Dia 1;#2QR292P;#29GLL9R02;BybyZx;400;1;#QCLPL9VQ;Tropa Do Bruxo;5;512;3;0;;;;;;;;;0;0;0;Tower Princess;0
2026-06-12;Dia 1;#2QR292P;#V2CUPLURQ;Amiguito;600;4;#GR8UGRVJ;peru;1;3239;4;0;;;;;;;;;0;0;0;Tower Princess;0
2026-06-12;Dia 1;#2QR292P;#J8Y9QY8UV;chipilin;600;5;#GR8UGRVJ;peru;1;3239;4;0;;;;;;;;;0;0;0;Tower Princess;0
2026-06-12;Dia 1;#2QR292P;#PPG8JCQRG;Ridk;600;3;#LLJPJ2JQ;28 royale 29;4;784;4;0;;;;;;;;;0;0;0;Tower Princess;0
2026-06-12;Dia 1;#2QR292P;#L8GYPCRUJ;Efiend;700;2;#GR8UGRVJ;peru;1;3239;4;0;;;;;;;;;0;0;0;Tower Princess;0
2026-06-12;Dia 1;#2QR292P;#VUP0UUQGY;lufe;700;3;#GR8UGRVJ;peru;1;3239;4;0;;;;;;;;;0;0;0;Tower Princess;0
2026-06-12;Dia 1;#2QR292P;#JVGU0Q2Y9;Salvix;700;4;#YYG9V0VC;Orcos Samurai;3;1179;5;0;Archers, P.E.K.K.A, Mini P.E.K.K.A, Fireball, Baby Dragon, Skeleton Army, Knight, Witch;RangeBattle;;;;;;;0;1;100;Tower Princess;1
2026-06-12;Dia 1;#2QR292P;#CCRUUJ00;alexia;700;5;#YYG9V0VC;Orcos Samurai;3;1179;4;0;;;;;;;;;0;0;0;Tower Princess;0
2026-06-12;Dia 1;#2QR292P;#CQJYV08QJ;wosito;700;1;#LLJPJ2JQ;28 royale 29;4;784;4;0;;;;;;;;;0;0;0;Tower Princess;0
2026-06-12;Dia 1;#2QR292P;#LCRJPRR2Q;alex;700;2;#LLJPJ2JQ;28 royale 29;4;784;4;0;;;;;;;;;0;0;0;Tower Princess;0
2026-06-12;Dia 1;#2QR292P;#UP8LGP29P;coras;900;1;#GR8UGRVJ;peru;1;3239;4;0;;;;;;;;;0;0;0;Tower Princess;0
2026-06-12;Dia 1;#2QR292P;#Y8GQ9089Y;ODiN;900;5;#99V9V22C;IRAN SOLID;2;1968;4;0;P.E.K.K.A, Witch, Minion Horde, Electro Giant, Elite Barbarians, Electro Dragon, Mega Knight, Royal Recruits;Barco;Golem, Prince, Wizard, Three Musketeers;Barco;;;;;0;2;150;Tower Princess;2
2026-06-12;Dia 1;#2QR292P;#R8YLQPYJ;باغ تره کار;1000;4;#99V9V22C;IRAN SOLID;2;1968;8;0;Wizard, Monk, Firecracker, Hog Rider, Flying Machine, Goblin Gang, Bowler, Lightning;RangeBattle;Executioner, Skeleton King, Lumberjack, Arrows, Balloon, Furnace, Rascals, Cannon Cart;RangeBattle;Valkyrie, Mini P.E.K.K.A, Electro Dragon, Electro Giant, Dart Goblin, Poison, Inferno Tower, Battle Healer;RangeBattle;Mega Knight, Electro Wizard, Tesla, Goblin Barrel, Fireball, Witch, Dark Prince, Skeleton Army;RangeBattle;0;4;400;Tower Princess;4
2026-06-12;Dia 1;TOP_GLOBAL;#P8UQRJV99;toni137945;1050;5;#9LVQLR;Band of Adultes;5;3435;8;0;Royal Giant, Mega Minion, Bowler, Mother Witch, Ice Wizard, Prince, Barbarian Barrel, Dark Prince;RangeBattle;Valkyrie, Mini P.E.K.K.A, Electro Dragon, Elixir Golem, Rage, Inferno Dragon, Battle Healer, Arrows;Duelo;Royal Ghost, Magic Archer, Battle Ram, P.E.K.K.A, Fireball, Zap, Bandit, Electro Wizard;Duelo;Lumberjack, Knight, Witch, Goblin Gang, Vines, Mega Knight, Miner, Bats;Duelo;0;3;300;Tower Princess;2
2026-06-12;Dia 1;TOP_GLOBAL;#PQG0CPYL;Aldebaran;1100;4;#9LVQLR;Band of Adultes;5;3435;8;0;Battle Ram, Little Prince, Royal Ghost, Bandit, Electro Wizard, Poison, P.E.K.K.A, Zap;RangeBattle;Royal Hogs, Goblins, Royal Recruits, Arrows, Goblin Cage, Zappies, Barbarian Barrel, Flying Machine;Duelo;Furnace, Dark Prince, Skeleton Barrel, Suspicious Bush, Berserker, Valkyrie, Fireball, Archers;Duelo;Wall Breakers, Knight, Goblin Barrel, The Log, Dart Goblin, Rocket, Goblin Gang, Tesla;Duelo;2;1;600;Tower Princess;2
2026-06-12;Dia 1;TOP_GLOBAL;#P0C80U29V;CAL Skid Row;1150;5;#L9VRJ;Calalas España;1;2235;8;0;Valkyrie, Balloon, Zap, Miner, Mega Minion, Lava Hound, Guards, Tombstone;RangeBattle;Baby Dragon, Knight, Electro Dragon, Tornado, The Log, Lumberjack, Night Witch, Golem;Duelo;Goblin Cage, Barbarian Barrel, Royal Hogs, Zappies, Royal Recruits, Arrows, Fireball, Flying Machine;Duelo;Goblin Giant, Dark Prince, Royal Ghost, Sparky, Electro Wizard, Rage, Mini P.E.K.K.A, Phoenix;Duelo;1;2;400;Tower Princess;2
2026-06-12;Dia 1;TOP_GLOBAL;#P8VC28YQ;Krakotte;1150;3;#9LVQLR;Band of Adultes;5;3435;8;0;Valkyrie, Mortar, Musketeer, Prince, Graveyard, Giant Snowball, Baby Dragon, Tornado;RangeBattle;Royal Ghost, Battle Ram, Magic Archer, Zap, P.E.K.K.A, Bandit, Electro Wizard, Poison;Duelo;Mega Knight, Goblin Cage, Royal Recruits, Zappies, Flying Machine, Arrows, Fireball, Royal Hogs;Duelo;Royal Giant, Witch, Knight, Barbarian Barrel, Lightning, Firecracker, Guards, Dark Prince;RangeBattle;1;3;500;Tower Princess;3
2026-06-12;Dia 1;#2QR292P;#8VC2VLUC2;vahid;1200;3;#99V9V22C;IRAN SOLID;2;1968;8;0;Archers, Boss Bandit, Electro Giant, Hunter, Minions, Zap, Guards, Furnace;RangeBattle;Valkyrie, Firecracker, Fire Spirit, Dark Prince, Elite Barbarians, Royal Recruits, Goblin Gang, Baby Dragon;Duelo;Mega Knight, Wizard, Balloon, Minion Horde, Witch, Fireball, Freeze, Prince;Duelo;P.E.K.K.A, Lumberjack, Dart Goblin, Arrows, Electro Wizard, Poison, Executioner, Rage;Duelo;1;2;400;Tower Princess;2
2026-06-12;Dia 1;#2QR292P;#2GR9VJ8V8;MAHDI CR7;1250;2;#99V9V22C;IRAN SOLID;2;1968;7;0;Baby Dragon, Mega Minion, Goblins, Elixir Collector, Golem, Night Witch, Lightning, The Log;Duelo;Princess, Barbarian Barrel, Knight, Goblin Barrel, Rocket, Inferno Tower, Ice Spirit, Goblin Gang;Duelo;Lumberjack, Balloon, Barbarians, Mother Witch, Bats, Clone, Flying Machine, Giant Skeleton;Duelo;;;0;2;200;Tower Princess;1
2026-06-12;Dia 1;TOP_GLOBAL;#8UPVUCLLU;Barbo;1300;5;#8UJ2UUJ8;#MuUuKaNs!!;2;3435;8;0;Valkyrie, Graveyard, Witch, Berserker, Poison, Vines, Ice Wizard, Goblin Hut;RangeBattle;Mega Knight, Archer Queen, Bats, Arrows, Bandit, Prince, Goblin Gang, Wall Breakers;Duelo;Firecracker, Mighty Miner, Tesla, Hog Rider, Earthquake, Goblins, Ice Spirit, Barbarian Barrel;Duelo;Goblin Giant, Sparky, Zap, Elite Barbarians, Dark Prince, Electro Wizard, Heal Spirit, Rage;Duelo;3;0;700;Tower Princess;2
2026-06-12;Dia 1;#2QR292P;#CL80Y2GLU;ghazaleh;1300;1;#99V9V22C;IRAN SOLID;2;1968;8;0;Firecracker, Boss Bandit, Royal Ghost, P.E.K.K.A, Minions, Inferno Tower, Skeleton Army, Royal Hogs;RangeBattle;Witch, Executioner, Royal Giant, Arrows, Battle Ram, Bomber, Princess, Skeleton Barrel;RangeBattle;Archers, Ram Rider, Furnace, Hog Rider, Mega Knight, Guards, Wall Breakers, Dart Goblin;RangeBattle;Valkyrie, Wizard, Elite Barbarians, Bandit, Goblin Gang, Goblin Barrel, Zap, Tornado;RangeBattle;1;3;500;Tower Princess;4
2026-06-12;Dia 1;#2QR292P;#LC90JC98;cristian;1300;3;#YYG9V0VC;Orcos Samurai;3;1179;8;0;Firecracker, Little Prince, Electro Dragon, Mega Knight, Musketeer, Hog Rider, Zap, Ram Rider;RangeBattle;Archers, Executioner, Royal Giant, Witch, P.E.K.K.A, Valkyrie, Skeleton Army, Wall Breakers;RangeBattle;Golem, Arrows, Skeleton Barrel, Wizard, Magic Archer, Dart Goblin, Mini P.E.K.K.A, Poison;RangeBattle;Giant, Princess, Goblin Gang, Goblin Barrel, Bomber, Sparky, Inferno Dragon, Bats;RangeBattle;2;2;600;Tower Princess;4
2026-06-12;Dia 1;TOP_GLOBAL;#P8PGC9Q0;Demon;1350;4;#8UJ2UUJ8;#MuUuKaNs!!;2;3435;8;0;Mortar, Goblins, Skeleton Barrel, Cannon Cart, Rascals, Skeleton Dragons, Fireball, Barbarian Barrel;RangeBattle;Inferno Dragon, Dark Prince, Goblin Cage, Magic Archer, Tornado, Lightning, Arrows, Electro Giant;Duelo;Valkyrie, Bowler, Furnace, Goblin Hut, Poison, Zap, Ice Wizard, Graveyard;Duelo;Royal Hogs, Wizard, Lumberjack, Earthquake, Giant Skeleton, Zappies, Royal Ghost, Giant Snowball;Duelo;0;3;300;Tower Princess;2
2026-06-12;Dia 1;#2QR292P;#2GLGURJCL;PTV_gravity;1350;2;#YYG9V0VC;Orcos Samurai;3;1179;8;0;Dart Goblin, Bomber, Royal Ghost, Minions, Prince, Skeleton Dragons, Ice Wizard, Fireball;RangeBattle;Valkyrie, Musketeer, Witch, Baby Dragon, Hog Rider, Electro Wizard, The Log, Princess;Duelo;Knight, Bats, Royal Hogs, Skeleton Army, Dark Prince, Electro Dragon, Magic Archer, Hunter;Duelo;Wizard, Firecracker, Mega Minion, Balloon, Flying Machine, Night Witch, Guards, Furnace;Duelo;2;1;600;Tower Princess;2
2026-06-12;Dia 1;TOP_GLOBAL;#2G0GQR8G;Gnoynuj;1400;4;#L9VRJ;Calalas España;1;2235;8;0;Mega Knight, Goblins, Furnace, Spirit Empress, Poison, Royal Ghost, Giant Snowball, Ram Rider;RangeBattle;Witch, Mini P.E.K.K.A, Valkyrie, Giant, Bomber, Lightning, The Log, Skeleton Dragons;RangeBattle;Baby Dragon, Mega Minion, Goblin Cage, Lava Hound, Barbarians, Balloon, Arrows, Zap;Duelo;Battle Ram, Magic Archer, Lumberjack, Zappies, Guards, Giant Skeleton, Vines, Fireball;Duelo;3;1;800;Tower Princess;3
2026-06-12;Dia 1;#2QR292P;#2VQL08V9V;sandia;1400;1;#YYG9V0VC;Orcos Samurai;3;1179;8;0;Mega Knight, Fireball, Wizard, Ram Rider, Executioner, Bats, Goblin Barrel, Zap;Duelo;Hog Rider, Bowler, Witch, Dark Prince, Skeleton Barrel, Tornado, Freeze, Electro Dragon;Duelo;Mini P.E.K.K.A, Wall Breakers, Baby Dragon, Furnace, Firecracker, Archers, Dart Goblin, Arrows;Duelo;Royal Giant, Inferno Tower, Fire Spirit, Poison, Magic Archer, Princess, Sparky, Ice Spirit;RangeBattle;2;1;600;Tower Princess;2
2026-06-12;Dia 1;TOP_GLOBAL;#L0UPY2YUG;⚡️Daking⚡️;1450;4;#9U82JJ0Y;TheAddictedOnes;3;3435;8;0;Royal Hogs, Archer Queen, Cannon, Ice Spirit, Royal Delivery, The Log, Earthquake, Skeletons;RangeBattle;Furnace, Knight, Tesla, Graveyard, Poison, Barbarian Barrel, Goblins, Electro Spirit;Duelo;Valkyrie, Balloon, Tombstone, Lava Hound, Spirit Empress, Fireball, Mega Minion, Zap;Duelo;Battle Ram, Magic Archer, P.E.K.K.A, Royal Ghost, Electro Wizard, Bandit, Arrows, Giant Snowball;Duelo;3;0;700;Tower Princess;2
2026-06-12;Dia 1;TOP_GLOBAL;#8UQRG928U;<c3>ALEDOKAMPOS;1450;5;#9U82JJ0Y;TheAddictedOnes;3;3435;8;0;Battle Ram, Magic Archer, Royal Ghost, P.E.K.K.A, Fireball, Electro Wizard, Bandit, The Log;RangeBattle;Valkyrie, Bowler, Goblin Cage, Electro Giant, Lightning, Inferno Dragon, Tornado, Arrows;Duelo;Executioner, Mega Minion, Balloon, Knight, Lava Hound, Tombstone, Dark Prince, Vines;Duelo;Witch, Musketeer, Baby Dragon, Barbarian Barrel, Battle Healer, Goblin Machine, Golem, Mini P.E.K.K.A;Duelo;0;3;300;Tower Princess;2
2026-06-12;Dia 1;TOP_GLOBAL;#8PVJLUC0;Zekuumi;1450;2;#9LVQLR;Band of Adultes;5;3435;8;0;Royal Recruits, Wizard, Royal Hogs, Goblin Cage, Zappies, Fireball, Electro Spirit, The Log;RangeBattle;Goblin Giant, Mini P.E.K.K.A, Dark Prince, Sparky, Zap, Mother Witch, Minions, Vines;Duelo;Electro Dragon, Balloon, Lumberjack, Inferno Dragon, Bowler, Tornado, Freeze, Barbarian Barrel;Duelo;Battle Ram, Archer Queen, Royal Ghost, Knight, Barbarians, Heal Spirit, Arrows, Elixir Collector;Duelo;3;0;700;Tower Princess;2
2026-06-12;Dia 1;TOP_GLOBAL;#GGYLGYU;Manu;1500;3;#8UJ2UUJ8;#MuUuKaNs!!;2;3435;8;0;Royal Ghost, Skeletons, Royal Giant, Hunter, Fisherman, Barbarian Barrel, Electro Spirit, Fireball;RangeBattle;Zap, Mini P.E.K.K.A, Goblin Giant, Dark Prince, Mega Minion, Sparky, Electro Wizard, Rage;Duelo;Firecracker, Goblins, Mighty Miner, The Log, Cannon, Ice Spirit, Hog Rider, Earthquake;Duelo;Royal Recruits, Golden Knight, Royal Hogs, Arrows, Zappies, Flying Machine, Furnace, Goblin Cage;Duelo;2;1;600;Tower Princess;2
2026-06-12;Dia 1;TOP_GLOBAL;#8G2CJG9L;pяiисе;1600;3;#L9VRJ;Calalas España;1;2235;8;0;Battle Ram, Wizard, Royal Ghost, Giant Skeleton, Mother Witch, Giant Snowball, Vines, Zappies;RangeBattle;Furnace, Dark Prince, Tesla, Graveyard, Poison, Ice Spirit, Skeletons, Barbarian Barrel;RangeBattle;Mortar, Goblins, Skeleton Barrel, Minions, Cannon Cart, Rascals, The Log, Fireball;Duelo;Inferno Dragon, Mega Minion, Valkyrie, Lava Hound, Void, Balloon, Zap, Tombstone;Duelo;3;1;800;Tower Princess;3
2026-06-12;Dia 1;TOP_GLOBAL;#QV22080;porcello;1600;2;#8UJ2UUJ8;#MuUuKaNs!!;2;3435;8;0;Goblin Barrel, Knight, Dart Goblin, Goblin Gang, The Log, Princess, Ice Spirit, Inferno Tower;RangeBattle;P.E.K.K.A, Magic Archer, Battle Ram, Royal Ghost, Bandit, Electro Wizard, Zap, Poison;Duelo;Royal Recruits, Barbarian Barrel, Goblin Cage, Flying Machine, Zappies, Fireball, Electro Spirit, Royal Hogs;Duelo;Mega Knight, Archer Queen, Bats, Arrows, Guards, Miner, Prince, Wall Breakers;Duelo;3;0;700;Tower Princess;2
2026-06-12;Dia 1;TOP_GLOBAL;#8C2LCCVP;Ve2 I ☢️markez☢;1700;1;#L9VRJ;Calalas España;1;2235;8;0;Electro Dragon, Monk, Inferno Dragon, Zap, Tornado, Battle Healer, Elixir Golem, Rage;RangeBattle;Mega Knight, Archer Queen, Wall Breakers, Giant Snowball, Minions, Vines, Prince, Miner;RangeBattle;Royal Recruits, Wizard, Goblin Cage, Arrows, Zappies, Fireball, Royal Hogs, Electro Spirit;Duelo;Skeleton Barrel, Magic Archer, Barbarians, Clone, Earthquake, Flying Machine, Giant Skeleton, Skeleton Dragons;Duelo;4;0;900;Tower Princess;3
2026-06-12;Dia 1;TOP_GLOBAL;#2LRLL82;fede;1700;2;#L9VRJ;Calalas España;1;2235;8;0;Skeleton Barrel, Magic Archer, Barbarians, Flying Machine, Clone, Giant Skeleton, Earthquake, Skeleton Dragons;RangeBattle;Electro Dragon, Monk, Inferno Dragon, Elixir Golem, Zap, Battle Healer, Tornado, Rage;RangeBattle;Mega Knight, Archer Queen, Giant Snowball, Wall Breakers, Prince, Miner, Vines, Minions;Duelo;Royal Recruits, Wizard, Goblin Cage, Electro Spirit, Fireball, Arrows, Royal Hogs, Zappies;Duelo;4;0;900;Tower Princess;3
2026-06-12;Dia 1;TOP_GLOBAL;#YG0LVJ9;Rockyplanet02;1700;1;#8UJ2UUJ8;#MuUuKaNs!!;2;3435;8;0;Firecracker, Knight, Tesla, The Log, Goblins, Hog Rider, Earthquake, Ice Spirit;RangeBattle;Giant Snowball, Goblin Drill, Furnace, Berserker, Poison, Cannon, Royal Delivery, Skeletons;Duelo;Royal Hogs, Barbarian Barrel, Goblin Cage, Fireball, Electro Spirit, Royal Recruits, Zappies, Flying Machine;Duelo;Mega Knight, Archer Queen, Bats, Bandit, Wall Breakers, Prince, Zap, Arrows;Duelo;3;0;700;Tower Princess;2
2026-06-12;Dia 1;TOP_GLOBAL;#GQYVYQ82;AM♣️Joma;1700;2;#9U82JJ0Y;TheAddictedOnes;3;3435;8;0;Royal Recruits, Barbarian Barrel, Goblin Cage, Zappies, Royal Hogs, Arrows, Flying Machine, Fireball;RangeBattle;Skeletons, Musketeer, Firecracker, Ice Golem, Tesla, Giant Snowball, Lightning, Hog Rider;RangeBattle;Royal Ghost, Magic Archer, Battle Ram, Electro Wizard, Zap, P.E.K.K.A, Bandit, Poison;Duelo;Knight, Goblin Gang, Goblin Barrel, Inferno Tower, Ice Spirit, Rocket, Princess, The Log;Duelo;4;0;900;Tower Princess;3
2026-06-12;Dia 1;TOP_GLOBAL;#9L992LRRV;Lobo;1700;3;#9U82JJ0Y;TheAddictedOnes;3;3435;8;0;Knight, Bomber, Electro Dragon, Tornado, Lumberjack, Skeleton Dragons, Elixir Collector, Golem;RangeBattle;Battle Ram, Boss Bandit, P.E.K.K.A, Zap, Royal Ghost, Magic Archer, Electro Wizard, Poison;RangeBattle;Goblin Cage, Barbarian Barrel, Royal Recruits, Furnace, Flying Machine, Zappies, Fireball, Royal Hogs;Duelo;Bats, Archer Queen, Mega Knight, Wall Breakers, Bandit, Goblin Gang, Arrows, Prince;Duelo;3;1;800;Tower Princess;3
2026-06-12;Dia 1;TOP_GLOBAL;#LQ20VGY;AM ⚡️ HAZ;1800;1;#9U82JJ0Y;TheAddictedOnes;3;3435;8;0;Witch, Mega Minion, Goblin Giant, Giant Skeleton, Zappies, Arrows, Goblin Gang, The Log;RangeBattle;Royal Giant, Wizard, Valkyrie, Goblins, Minions, Knight, Goblin Barrel, Zap;RangeBattle;Furnace, Mini P.E.K.K.A, Royal Recruits, Musketeer, Bats, Vines, Barbarian Barrel, Dark Prince;Duelo;Mega Knight, Magic Archer, Royal Ghost, Skeleton Barrel, Skeleton Dragons, Prince, Firecracker, Rage;Duelo;4;0;900;Tower Princess;3
2026-06-12;Dia 1;TOP_GLOBAL;#R02QQ0RGQ;Treplev;1800;1;#9LVQLR;Band of Adultes;5;3435;8;0;Cannon, Mighty Miner, Furnace, Lightning, Giant Snowball, Electro Spirit, Hog Rider, Skeletons;RangeBattle;Dart Goblin, Knight, Goblin Barrel, Goblin Gang, Inferno Tower, Princess, Ice Spirit, The Log;RangeBattle;Valkyrie, Goblins, Goblin Cage, Zap, Spirit Empress, Fireball, Skeleton Dragons, Lava Hound;Duelo;Mortar, Spear Goblins, Skeleton Barrel, Barbarian Barrel, Cannon Cart, Minions, Rascals, Poison;Duelo;4;0;900;Tower Princess;3
2026-06-11;Reset;#2QR292P;#2QR292P;ツ ︻デ═一⟿ΔЯ₡λↁΣ☯︎;100;3;#QCLPL9VQ;Tropa Do Bruxo;4;0;1;0;Princess, Musketeer, Bowler, Cannon, Battle Ram, Zap, Goblins, Goblin Barrel;RangeBattle;;;;;;;0;1;100;Tower Princess;1
2026-06-11;Reset;#2QR292P;#299V0CVJC;Geova;200;5;#LLJPJ2JQ;28 royale 29;2;0;1;0;Inferno Dragon, Baby Dragon, Goblin Cage, Executioner, Mother Witch, Elixir Golem, Tornado, Fireball;RangeBattle;;;;;;;1;0;200;Tower Princess;1
2026-06-11;Reset;#2QR292P;#GGV0U2UPQ;cratos;275;2;#QCLPL9VQ;Tropa Do Bruxo;4;0;3;3;Barbarians, Royal Ghost, Electro Wizard, Hunter, Ice Wizard, Royal Hogs, Balloon, Dart Goblin;Barco;Musketeer, Golden Knight, Mini P.E.K.K.A, Skeleton Dragons, Baby Dragon, Hog Rider, Elixir Golem, Skeleton Barrel;Barco;Firecracker, Princess, Mega Knight, Executioner, Witch, Tombstone, Clone, Valkyrie;Barco;;;1;2;275;Tower Princess;3
2026-06-11;Reset;#2QR292P;#9GL20YQG;♤Jun^_^♤;400;4;#LLJPJ2JQ;28 royale 29;2;0;4;4;Electro Wizard, Wizard, Bowler, Balloon, Valkyrie, Tombstone, Fireball, Prince;Barco;Musketeer, Elixir Golem, Bats, Sparky, Ice Wizard, Battle Healer, Guards, Cannon;Barco;Mega Knight, Knight, Zap, Miner, Ice Spirit, Skeleton Barrel, Inferno Dragon, Mega Minion;Barco;Tesla, Archers, Goblin Barrel, P.E.K.K.A, Ice Golem, Arrows, Mother Witch, Giant Snowball;Barco;2;2;400;Tower Princess;4
2026-06-11;Reset;#2QR292P;#29GLL9R02;BybyZx;400;1;#QCLPL9VQ;Tropa Do Bruxo;4;0;3;0;Firecracker, Barbarian Barrel, Cannon, Royal Delivery, Earthquake, Hog Rider, Skeletons, Electro Spirit;RangeBattle;Royal Giant, Skeleton King, Mega Knight, Miner, Princess, Goblin Curse, Witch, Dart Goblin;RangeBattle;Goblin Drill, Bowler, Valkyrie, Goblin Hut, Fire Spirit, Barbarian Hut, Executioner, Poison;RangeBattle;;;1;2;400;Tower Princess;3
2026-06-11;Reset;#2QR292P;#88JYV08L;Kzduardo;400;14;#QCLPL9VQ;Tropa Do Bruxo;4;0;0;0;Elite Barbarians, Bomber, Dart Goblin, Firecracker, Royal Recruits, Goblin Gang, Flying Machine, Goblin Hut;Barco;Knight, Fire Spirit, Barbarian Hut, Wizard;Barco;;;;;2;2;400;Tower Princess;4
2026-06-11;Reset;#2QR292P;#8VC2VLUC2;vahid;550;5;#99V9V22C;IRAN SOLID;1;0;4;0;;;;;;;;;0;0;0;Tower Princess;0
2026-06-11;Reset;#2QR292P;#R8YLQPYJ;باغ تره کار;600;4;#99V9V22C;IRAN SOLID;1;0;4;0;Wizard, Monk, Firecracker, Hog Rider, Flying Machine, Goblin Gang, Bowler, Lightning;RangeBattle;Executioner, Skeleton King, Lumberjack, Arrows, Balloon, Furnace, Rascals, Cannon Cart;RangeBattle;Valkyrie, Mini P.E.K.K.A, Electro Dragon, Electro Giant, Dart Goblin, Poison, Inferno Tower, Battle Healer;RangeBattle;Mega Knight, Electro Wizard, Tesla, Goblin Barrel, Fireball, Witch, Dark Prince, Skeleton Army;RangeBattle;3;4;875;Tower Princess;7
2026-06-11;Reset;#2QR292P;#PPG8JCQRG;Ridk;600;3;#LLJPJ2JQ;28 royale 29;2;0;4;0;Mega Knight, Giant Skeleton, Barbarians, Furnace, Spear Goblins, Minion Horde, Elixir Collector, Magic Archer;RangeBattle;P.E.K.K.A, Wizard, Archers, Hunter, Fireball, Bats, Knight, Guards;RangeBattle;Royal Ghost, Dark Prince, Executioner, Princess, Elixir Golem, Baby Dragon, Hog Rider, Golem;RangeBattle;Prince, Witch, Valkyrie, Ice Wizard, Inferno Dragon, Dart Goblin, Skeleton Army, Arrows;RangeBattle;2;2;600;Tower Princess;4
2026-06-11;Reset;#2QR292P;#JVGU0Q2Y9;Salvix;600;5;#YYG9V0VC;Orcos Samurai;3;0;4;0;Valkyrie, Mega Knight, Skeleton King, Executioner, Electro Wizard, Princess, Firecracker, Elixir Golem;RangeBattle;Dart Goblin, Wizard, Magic Archer, Inferno Tower, Goblin Barrel, Skeleton Dragons, Prince, Ram Rider;RangeBattle;Royal Hogs, Dark Prince, Skeleton Barrel, Royal Ghost, Tesla, Minion Horde, Arrows, Elite Barbarians;RangeBattle;Archers, P.E.K.K.A, Mini P.E.K.K.A, Fireball, Baby Dragon, Skeleton Army, Knight, Witch;RangeBattle;2;2;600;Tower Princess;4
2026-06-11;Reset;#2QR292P;#V2CUPLURQ;Amiguito;600;4;#GR8UGRVJ;peru;5;0;4;0;Knight, Goblins, Royal Hogs, Prince, Dart Goblin, Tombstone, Firecracker, Skeleton Army;RangeBattle;Furnace, Bowler, Witch, Mega Knight, Fire Spirit, Spear Goblins, Ice Golem, Bats;RangeBattle;P.E.K.K.A, Magic Archer, Skeleton Barrel, Skeletons, Valkyrie, Giant Snowball, Cannon, Princess;RangeBattle;Royal Ghost, Boss Bandit, Wizard, Zap, Goblin Barrel, Guards, Mini P.E.K.K.A, Baby Dragon;RangeBattle;2;2;600;Tower Princess;4
2026-06-11;Reset;#2QR292P;#J8Y9QY8UV;chipilin;600;5;#GR8UGRVJ;peru;5;0;4;0;Witch, Knight, Skeleton Barrel, Elite Barbarians, Flying Machine, Goblin Cage, Musketeer, Mini P.E.K.K.A;RangeBattle;Executioner, Electro Wizard, Dart Goblin, Wall Breakers, Giant Skeleton, Hog Rider, Mirror, Inferno Tower;RangeBattle;Firecracker, Barbarian Barrel, Lumberjack, Tesla, Ice Golem, Arrows, Princess, Electro Giant;RangeBattle;Valkyrie, Furnace, Mega Knight, Goblin Barrel, Berserker, Elixir Golem, Cannon, Goblin Gang;RangeBattle;2;2;600;Tower Princess;4
2026-06-11;Reset;#2QR292P;#2GLGURJCL;PTV_gravity;650;4;#YYG9V0VC;Orcos Samurai;3;0;4;0;Dart Goblin, Bomber, Royal Ghost, Minions, Prince, Skeleton Dragons, Ice Wizard, Fireball;RangeBattle;Valkyrie, Musketeer, Witch, Baby Dragon, Hog Rider, Electro Wizard, The Log, Princess;Duelo;Knight, Bats, Royal Hogs, Skeleton Army, Dark Prince, Electro Dragon, Magic Archer, Hunter;Duelo;Wizard, Firecracker, Mega Minion, Balloon, Flying Machine, Night Witch, Guards, Furnace;Duelo;1;2;400;Tower Princess;2
2026-06-11;Reset;#2QR292P;#CQJYV08QJ;wosito;700;1;#LLJPJ2JQ;28 royale 29;2;0;4;0;Firecracker, Bowler, Furnace, Guards, Hog Rider, Magic Archer, Mirror, Fireball;RangeBattle;Mega Knight, Goblin Hut, Witch, Dart Goblin, Goblin Barrel, Electro Spirit, Poison, Princess;RangeBattle;Giant Snowball, Golden Knight, Skeleton Army, Cannon, Mother Witch, Knight, Mega Minion, Miner;RangeBattle;Minion Horde, Boss Bandit, Wizard, Tombstone, Baby Dragon, Bomber, Goblin Gang, Arrows;RangeBattle;3;1;700;Tower Princess;4
2026-06-11;Reset;#2QR292P;#LCRJPRR2Q;alex;700;2;#LLJPJ2JQ;28 royale 29;2;0;4;0;Dart Goblin, Dark Prince, Tesla, Giant Skeleton, Firecracker, Musketeer, Mini P.E.K.K.A, Fireball;RangeBattle;Mega Knight, Bowler, Knight, Mother Witch, Battle Ram, Fire Spirit, Baby Dragon, Witch;RangeBattle;P.E.K.K.A, Inferno Dragon, Night Witch, Ram Rider, Ice Spirit, Princess, Arrows, Royal Ghost;RangeBattle;Wizard, Electro Giant, Lumberjack, Elite Barbarians, Electro Wizard, Bandit, Zap, The Log;RangeBattle;3;1;700;Tower Princess;4
2026-06-11;Reset;#2QR292P;#2VQL08V9V;sandia;700;1;#YYG9V0VC;Orcos Samurai;3;0;4;0;Mini P.E.K.K.A, Wall Breakers, Baby Dragon, Furnace, Firecracker, Archers, Dart Goblin, Arrows;RangeBattle;Mega Knight, Fireball, Wizard, Ram Rider, Executioner, Bats, Goblin Barrel, Zap;Duelo;Hog Rider, Bowler, Witch, Dark Prince, Skeleton Barrel, Tornado, Freeze, Electro Dragon;Duelo;Royal Giant, Inferno Tower, Fire Spirit, Poison, Magic Archer, Princess, Sparky, Ice Spirit;RangeBattle;2;2;700;Tower Princess;3
2026-06-11;Reset;#2QR292P;#LC90JC98;cristian;700;2;#YYG9V0VC;Orcos Samurai;3;0;4;0;Firecracker, Little Prince, Electro Dragon, Mega Knight, Musketeer, Hog Rider, Zap, Ram Rider;RangeBattle;Archers, Executioner, Royal Giant, Witch, P.E.K.K.A, Valkyrie, Skeleton Army, Wall Breakers;RangeBattle;Golem, Arrows, Skeleton Barrel, Wizard, Magic Archer, Dart Goblin, Mini P.E.K.K.A, Poison;RangeBattle;Giant, Princess, Goblin Gang, Goblin Barrel, Bomber, Sparky, Inferno Dragon, Bats;RangeBattle;3;1;700;Tower Princess;4
2026-06-11;Reset;#2QR292P;#CCRUUJ00;alexia;700;3;#YYG9V0VC;Orcos Samurai;3;0;4;0;Lumberjack, Giant, Magic Archer, Arrows, Baby Dragon, Guards, Berserker, Elite Barbarians;RangeBattle;Valkyrie, Bowler, Battle Ram, Dark Prince, The Log, Dart Goblin, Prince, Hunter;RangeBattle;P.E.K.K.A, Goblins, Witch, Skeleton Barrel, Goblin Gang, Zap, Knight, Fireball;Duelo;Mega Knight, Mega Minion, Electro Dragon, Hog Rider, Firecracker, Bandit, Mini P.E.K.K.A, Giant Snowball;Duelo;2;2;700;Tower Princess;3
2026-06-11;Reset;#2QR292P;#L8GYPCRUJ;Efiend;700;2;#GR8UGRVJ;peru;5;0;4;0;P.E.K.K.A, Little Prince, Furnace, Inferno Tower, Ice Spirit, The Log, Bandit, Bats;RangeBattle;Witch, Giant, Firecracker, Bomb Tower, Heal Spirit, Rage, Ram Rider, Earthquake;Duelo;Mega Knight, Barbarian Barrel, Wizard, Tesla, Fire Spirit, Arrows, Guards, Zap;Duelo;Royal Recruits, Mega Minion, Valkyrie, Cannon, Electro Spirit, Bomber, Wall Breakers, Musketeer;Duelo;2;1;600;Tower Princess;2
2026-06-11;Reset;#2QR292P;#VUP0UUQGY;lufe;700;3;#GR8UGRVJ;peru;5;0;4;0;Witch, Miner, Knight, Bomb Tower, Elixir Golem, Electro Spirit, Minions, Poison;RangeBattle;Royal Ghost, Giant, Firecracker, Skeleton Army, Fire Spirit, Ice Wizard, Zap, The Log;RangeBattle;Valkyrie, Ram Rider, Tesla, Rage, Barbarian Barrel, Skeletons, Dart Goblin, Berserker;RangeBattle;Wizard, Ice Golem, Cannon, Guards, Hog Rider, Bats, Arrows, Ice Spirit;RangeBattle;3;1;700;Tower Princess;4
2026-06-11;Reset;#2QR292P;#CL80Y2GLU;ghazaleh;800;2;#99V9V22C;IRAN SOLID;1;0;4;0;Firecracker, Boss Bandit, Royal Ghost, P.E.K.K.A, Minions, Inferno Tower, Skeleton Army, Royal Hogs;RangeBattle;Witch, Executioner, Royal Giant, Arrows, Battle Ram, Bomber, Princess, Skeleton Barrel;RangeBattle;Archers, Ram Rider, Furnace, Hog Rider, Mega Knight, Guards, Wall Breakers, Dart Goblin;RangeBattle;Valkyrie, Wizard, Elite Barbarians, Bandit, Goblin Gang, Goblin Barrel, Zap, Tornado;RangeBattle;4;0;800;Tower Princess;4
2026-06-11;Reset;#2QR292P;#2GR9VJ8V8;MAHDI CR7;800;3;#99V9V22C;IRAN SOLID;1;0;4;0;Skeleton Barrel, Skeleton King, Musketeer, Tombstone, Fireball, Zap, Firecracker, Cannon;RangeBattle;Princess, Barbarian Barrel, Knight, Goblin Barrel, Rocket, Inferno Tower, Ice Spirit, Goblin Gang;Duelo;Baby Dragon, Mega Minion, Goblins, Elixir Collector, Golem, Night Witch, Lightning, The Log;Duelo;Lumberjack, Balloon, Barbarians, Mother Witch, Bats, Clone, Flying Machine, Giant Skeleton;Duelo;3;0;700;Tower Princess;2
2026-06-11;Reset;TOP_GLOBAL;#2Y8G8R0QR;<c2>Gorka;900;1;#L9VRJ;Calalas España;1;0;4;0;Mega Knight, Archer Queen, Wall Breakers, Prince, Minions, Arrows, Zap, Bandit;RangeBattle;Lumberjack, Balloon, Electro Dragon, Baby Dragon, Giant Snowball, Tornado, Bowler, Freeze;RangeBattle;Cannon, Ice Golem, Musketeer, Fireball, The Log, Hog Rider, Skeletons, Ice Spirit;Duelo;Royal Giant, Monk, Royal Ghost, Barbarian Barrel, Fisherman, Electro Spirit, Hunter, Rage;Duelo;4;0;900;Tower Princess;3
2026-06-11;Reset;TOP_GLOBAL;#LQ8YGGL0;<c3>JULIAN;900;2;#L9VRJ;Calalas España;1;0;4;0;Giant Snowball, Goblins, Tesla, Bomber, Fire Spirit, Poison, Goblin Drill, Knight;RangeBattle;Mortar, Barbarian Barrel, Skeletons, Skeleton Barrel, Arrows, Minions, Cannon Cart, Rascals;RangeBattle;Royal Hogs, Magic Archer, Royal Ghost, Goblin Hut, Ice Spirit, The Log, Berserker, Fireball;Duelo;Royal Giant, Monk, Hunter, Guards, Fisherman, Electro Spirit, Lightning, Rage;Duelo;4;0;900;Tower Princess;3
2026-06-11;Reset;TOP_GLOBAL;#9VYU99UR;ᵏˡⁿMÂŠTÊR_ØNĘᵃᵏ;900;3;#L9VRJ;Calalas España;1;0;4;0;Witch, Bowler, Giant, Graveyard, Mini P.E.K.K.A, Giant Snowball, Minions, Void;RangeBattle;Battle Ram, Magic Archer, Dark Prince, Giant Skeleton, Royal Ghost, Mother Witch, Vines, Goblins;RangeBattle;Royal Hogs, Barbarian Barrel, Goblin Cage, Royal Recruits, Fireball, Zappies, Flying Machine, Arrows;Duelo;Mega Knight, Wizard, Furnace, Prince, Wall Breakers, Bandit, Goblin Gang, The Log;Duelo;4;0;900;Tower Princess;3
2026-06-11;Reset;TOP_GLOBAL;#G9GQU8U0Y;Matti14015;900;4;#L9VRJ;Calalas España;1;0;4;0;Royal Giant, Wizard, Mini P.E.K.K.A, Fisherman, The Log, Skeletons, Electro Spirit, Fireball;RangeBattle;Goblin Drill, Archer Queen, Firecracker, Royal Recruits, Prince, Arrows, Bandit, Goblin Gang;RangeBattle;Inferno Dragon, Knight, Tesla, Tornado, Ice Wizard, Freeze, Bowler, Balloon;Duelo;P.E.K.K.A, Magic Archer, Valkyrie, Electro Wizard, Zap, Guards, Ram Rider, Poison;Duelo;4;0;900;Tower Princess;3
2026-06-11;Reset;TOP_GLOBAL;#LU0QVLUL;Grilletto;900;5;#L9VRJ;Calalas España;1;0;4;0;Barbarians, Skeleton Dragons, Skeleton Barrel, Cannon Cart, Giant Skeleton, Arrows, Mother Witch, Clone;RangeBattle;Bomber, Golem, Electro Dragon, Heal Spirit, Elite Barbarians, Baby Dragon, Lumberjack, Tornado;RangeBattle;Goblin Giant, Mini P.E.K.K.A, Zap, Electro Wizard, Rage, Sparky, Dark Prince, Phoenix;Duelo;Royal Recruits, Barbarian Barrel, Goblin Cage, Royal Hogs, Flying Machine, Fireball, Zappies, Electro Spirit;Duelo;4;0;900;Tower Princess;3
2026-06-11;Reset;TOP_GLOBAL;#2GRVLJQGQ;Domenico;900;1;#8UJ2UUJ8;#MuUuKaNs!!;2;0;4;0;Lumberjack, Bowler, Baby Dragon, Inferno Dragon, Freeze, Barbarian Barrel, Minions, Balloon;RangeBattle;Mega Knight, Magic Archer, Royal Ghost, Goblin Gang, The Log, Zap, Princess, Ram Rider;RangeBattle;Goblin Giant, Wizard, Cannon, Mini P.E.K.K.A, Dart Goblin, Sparky, Rage, Fireball;Duelo;P.E.K.K.A, Goblinstein, Electro Dragon, Ice Golem, Firecracker, Guards, Arrows, Hog Rider;Duelo;4;0;900;Tower Princess;3
2026-06-11;Reset;TOP_GLOBAL;#28JQPVJ8U;MuK｜⚡Gionny⚡️;900;2;#8UJ2UUJ8;#MuUuKaNs!!;2;0;4;0;Executioner, Boss Bandit, Royal Ghost, Ram Rider, Lightning, Giant Snowball, Guards, Barbarian Barrel;RangeBattle;Royal Recruits, Golden Knight, Goblin Cage, Arrows, Fireball, Royal Hogs, Zappies, Flying Machine;RangeBattle;Firecracker, Goblinstein, Cannon, Hog Rider, Earthquake, Skeletons, Ice Spirit, The Log;Duelo;Electro Dragon, Battle Healer, Barbarians, Night Witch, Elixir Golem, Tornado, Mirror, Rage;Duelo;4;0;900;Tower Princess;3
2026-06-11;Reset;TOP_GLOBAL;#2RL2UU8V;DELU_02;900;3;#8UJ2UUJ8;#MuUuKaNs!!;2;0;4;0;Wall Breakers, Musketeer, Mega Knight, Miner, Prince, Minions, Zap, Goblin Gang;RangeBattle;Firecracker, Mighty Miner, Tesla, Earthquake, The Log, Hog Rider, Ice Spirit, Skeletons;RangeBattle;Lumberjack, Barbarian Barrel, Electro Dragon, Battle Healer, Tornado, Baby Dragon, Golem, Mega Minion;Duelo;Battle Ram, Archer Queen, Magic Archer, Royal Ghost, Arrows, Barbarians, Heal Spirit, Bandit;Duelo;4;0;900;Tower Princess;3
2026-06-11;Reset;TOP_GLOBAL;#UGQ22090;MuK｜⚡Antonix ツ⚡;900;4;#8UJ2UUJ8;#MuUuKaNs!!;2;0;4;0;Witch, Barbarian Barrel, Valkyrie, Graveyard, Vines, Ice Wizard, Goblin Hut, Poison;RangeBattle;Mortar, Skeleton King, Bats, Guards, Dart Goblin, Arrows, Cannon Cart, Miner;RangeBattle;Mega Knight, Archer Queen, Wall Breakers, Prince, Goblin Gang, Minions, Zap, Bandit;Duelo;Firecracker, Mighty Miner, Tesla, Ice Spirit, Hog Rider, Earthquake, Skeletons, The Log;Duelo;4;0;900;Tower Princess;3
2026-06-11;Reset;TOP_GLOBAL;#YG0LVJ9;Rockyplanet02;900;5;#8UJ2UUJ8;#MuUuKaNs!!;2;0;4;0;Mega Knight, Archer Queen, Bats, Bandit, Wall Breakers, Prince, Zap, Arrows;RangeBattle;Firecracker, Knight, Tesla, The Log, Goblins, Hog Rider, Earthquake, Ice Spirit;RangeBattle;Giant Snowball, Goblin Drill, Furnace, Berserker, Poison, Cannon, Royal Delivery, Skeletons;Duelo;Royal Hogs, Barbarian Barrel, Goblin Cage, Fireball, Electro Spirit, Royal Recruits, Zappies, Flying Machine;Duelo;4;0;900;Tower Princess;3
2026-06-11;Reset;TOP_GLOBAL;#JJL0QGG9L;Bomboclat;900;1;#9U82JJ0Y;TheAddictedOnes;3;3435;4;0;Witch, Bowler, Mini P.E.K.K.A, Graveyard, Giant, Zap, Minions, Arrows;RangeBattle;Royal Giant, Barbarian Barrel, Hunter, Royal Ghost, Fireball, Electro Spirit, Fisherman, Skeletons;RangeBattle;Firecracker, Mighty Miner, Cannon, Earthquake, Hog Rider, Ice Spirit, The Log, Goblins;Duelo;Goblin Drill, Knight, Giant Snowball, Poison, Bomber, Fire Spirit, Berserker, Tesla;Duelo;4;0;900;Tower Princess;3
2026-06-11;Reset;TOP_GLOBAL;#92P8VJCV;NBK;900;2;#9U82JJ0Y;TheAddictedOnes;3;3435;4;0;Battle Ram, Magic Archer, Dark Prince, Electro Wizard, Bandit, P.E.K.K.A, Zap, Poison;RangeBattle;Inferno Dragon, Balloon, Bowler, Lumberjack, Baby Dragon, Barbarian Barrel, Tornado, Freeze;RangeBattle;Mortar, Goblins, Skeleton Barrel, Cannon Cart, Fireball, Minions, Rascals, The Log;Duelo;Royal Recruits, Golden Knight, Goblin Cage, Royal Hogs, Zappies, Flying Machine, Electro Spirit, Arrows;Duelo;4;0;900;Tower Princess;3
2026-06-11;Reset;TOP_GLOBAL;#20R0U0JQ8;memo;900;3;#9U82JJ0Y;TheAddictedOnes;3;3435;4;0;Archers, Monk, Tesla, Skeletons, The Log, Electro Spirit, X-Bow, Fireball;RangeBattle;Royal Hogs, Mini P.E.K.K.A, Royal Recruits, Dart Goblin, Arrows, Goblin Cage, Vines, Zappies;RangeBattle;Mega Knight, Musketeer, Bats, Earthquake, Royal Delivery, Giant Snowball, Cannon, Hog Rider;Duelo;Lumberjack, Balloon, Archer Queen, Freeze, Tombstone, Mega Minion, Baby Dragon, Poison;Duelo;4;0;900;Tower Princess;3
2026-06-11;Reset;TOP_GLOBAL;#YGJ8UR8V;Btwags;900;4;#9U82JJ0Y;TheAddictedOnes;3;3435;4;0;Goblin Giant, Ice Golem, Barbarians, Night Witch, Tornado, Rage, Vines, Executioner;RangeBattle;Tesla, Knight, Princess, Ice Spirit, The Log, Goblin Barrel, Rocket, Goblin Gang;RangeBattle;Valkyrie, Goblins, Mortar, Void, Musketeer, Fireball, Barbarian Barrel, Phoenix;Duelo;Skeleton Army, Skeleton King, Minion Horde, Wizard, Arrows, Freeze, Lumberjack, P.E.K.K.A;Duelo;4;0;900;Tower Princess;3
2026-06-11;Reset;TOP_GLOBAL;#Q09UJGPLR;Yoon_0117;900;5;#9U82JJ0Y;TheAddictedOnes;3;3435;4;0;Bats, Skeleton King, Mortar, Arrows, Cannon Cart, Goblin Gang, Ice Wizard, Miner;RangeBattle;Executioner, Knight, Ice Spirit, Guards, Hog Rider, Lightning, The Log, Tornado;RangeBattle;Goblin Barrel, Goblins, Princess, Inferno Tower, Dart Goblin, Fire Spirit, Valkyrie, Wall Breakers;Duelo;Royal Ghost, Barbarian Barrel, Royal Giant, Electro Spirit, Fireball, Fisherman, Hunter, Skeletons;Duelo;4;0;900;Tower Princess;3
2026-06-11;Reset;TOP_GLOBAL;#JQ9CCP9Y0;Rwan⚡️;900;1;#9LVQLR;Band of Adultes;5;0;4;0;Goblin Drill, Magic Archer, Wall Breakers, Valkyrie, Goblin Demolisher, Tornado, Fire Spirit, Tesla;RangeBattle;Royal Hogs, Golden Knight, Royal Recruits, Zappies, Flying Machine, Goblin Cage, Arrows, Rage;RangeBattle;Witch, Knight, Cannon, Goblins, The Log, Graveyard, Poison, Vines;Duelo;Royal Giant, Barbarian Barrel, Royal Ghost, Electro Spirit, Skeletons, Fireball, Hunter, Fisherman;Duelo;4;0;900;Tower Princess;3
2026-06-11;Reset;TOP_GLOBAL;#ULR0C9R0G;Redou_flexibus;900;2;#9LVQLR;Band of Adultes;5;0;4;0;Baby Dragon, Mini P.E.K.K.A, Electro Dragon, Tornado, Guards, Night Witch, Golem, Rage;RangeBattle;Valkyrie, Fireball, Goblin Barrel, Skeleton Army, Princess, The Log, Dart Goblin, Inferno Tower;RangeBattle;Inferno Dragon, Mega Minion, Zap, Void, Balloon, Bomber, Lava Hound, Tombstone;Duelo;Mortar, Skeleton King, Skeleton Barrel, Cannon Cart, Arrows, Goblin Gang, Ice Wizard, Bats;Duelo;4;0;900;Tower Princess;3
2026-06-11;Reset;TOP_GLOBAL;#YP8P2J8J;ViPeR;900;3;#9LVQLR;Band of Adultes;5;0;4;0;Battle Ram, Wizard, Dark Prince, Vines, Barbarian Barrel, Giant Skeleton, Zappies, Mother Witch;RangeBattle;Mega Knight, Goblins, Lumberjack, Ram Rider, Spirit Empress, Fireball, Furnace, Zap;RangeBattle;Skeleton Barrel, Bowler, Goblin Barrel, Fire Spirit, Electro Spirit, Dart Goblin, Goblin Gang, Rascals;Duelo;Goblin Cage, Mega Minion, Valkyrie, Lightning, Arrows, Guards, Skeleton Dragons, Lava Hound;Duelo;4;0;900;Tower Princess;3
2026-06-11;Reset;TOP_GLOBAL;#902R98QQ;el roz;900;4;#9LVQLR;Band of Adultes;5;0;4;0;Royal Hogs, Archer Queen, Giant Snowball, Arrows, Cannon, Royal Delivery, Fire Spirit, Goblins;RangeBattle;Archers, Mini P.E.K.K.A, Knight, Goblin Giant, Fireball, Rage, Minions, Sparky;RangeBattle;Ice Spirit, Hog Rider, Witch, Goblin Hut, Skeletons, Berserker, Earthquake, The Log;Duelo;Mega Knight, Zap, Bats, Miner, Inferno Dragon, Goblin Gang, Spear Goblins, Skeleton Barrel;Duelo;4;0;900;Tower Princess;3
2026-06-11;Reset;TOP_GLOBAL;#2CPJJQ8L;࿇GraalMeister࿇;900;5;#9LVQLR;Band of Adultes;5;0;4;0;Goblin Giant, Dark Prince, Bats, Prince, Goblin Gang, Spear Goblins, Fireball, Rage;RangeBattle;Valkyrie, Dart Goblin, Skeleton Barrel, Goblin Barrel, Inferno Tower, The Log, Guards, Princess;RangeBattle;Royal Recruits, Golden Knight, Goblin Cage, Barbarian Barrel, Flying Machine, Firecracker, Arrows, Royal Hogs;Duelo;P.E.K.K.A, Wizard, Royal Ghost, Void, Bandit, Zap, Ram Rider, Electro Spirit;Duelo;4;0;900;Tower Princess;3
2026-06-11;Reset;#2QR292P;#Y8GQ9089Y;ODiN;900;1;#99V9V22C;IRAN SOLID;1;0;4;0;P.E.K.K.A, Witch, Minion Horde, Electro Giant, Elite Barbarians, Electro Dragon, Mega Knight, Royal Recruits;Barco;Golem, Prince, Wizard, Three Musketeers;Barco;Valkyrie, Barbarians, Mega Knight, Skeleton Barrel, Inferno Dragon, Princess, Dart Goblin, Skeleton Army;RangeBattle;P.E.K.K.A, Bomber, Tesla, Knight, Freeze, Hog Rider, Magic Archer, Arrows;RangeBattle;6;1;1225;Tower Princess;6
2026-06-11;Reset;#2QR292P;#UP8LGP29P;coras;900;1;#GR8UGRVJ;peru;5;0;4;0;Mega Knight, Boss Bandit, Monk, Firecracker, Poison, Inferno Tower, Night Witch, Mother Witch;RangeBattle;P.E.K.K.A, Skeleton King, Witch, Cannon, Ram Rider, Electro Wizard, Arrows, Lightning;RangeBattle;Wizard, Knight, Hunter, Tesla, The Log, Skeleton Barrel, Hog Rider, Inferno Dragon;Duelo;Goblin Cage, Royal Delivery, Furnace, Royal Giant, Goblin Barrel, Dart Goblin, Fireball, Bats;Duelo;4;0;900;Tower Princess;3
2026-06-10;Reset;TOP_GLOBAL;#8P0LR2YCJ;VEN EVOFQ 404CV;0;2;#L9VRJ;Calalas España;1;0;0;0;Electro Dragon, Goblins, Furnace, Golem, Barbarians, Skeleton Dragons, Lumberjack, Tornado;RangeBattle;Royal Hogs, Golden Knight, Royal Recruits, Goblin Cage, Flying Machine, Zappies, Arrows, Electro Spirit;RangeBattle;Mega Knight, Archer Queen, Bats, Prince, Bandit, Goblin Gang, Wall Breakers, Zap;Duelo;Goblin Giant, Boss Bandit, Archers, Sparky, Dark Prince, Minions, Fireball, Barbarian Barrel;Duelo;3;1;800;Tower Princess;3
2026-06-10;Reset;TOP_GLOBAL;#22CUVRCC;完成体❟❛❟Susanoo;0;3;#L9VRJ;Calalas España;1;0;0;0;Valkyrie, Barbarian Barrel, Wizard, Zappies, Bowler, Tornado, Freeze, Graveyard;RangeBattle;Royal Giant, Skeleton King, Witch, Tombstone, The Log, Lightning, Fisherman, Electro Spirit;RangeBattle;Mega Knight, Goblinstein, Firecracker, Goblin Barrel, Arrows, Goblin Gang, Prince, Bandit;Duelo;P.E.K.K.A, Dark Prince, Bomber, Electro Wizard, Zap, Fireball, Magic Archer, Battle Ram;Duelo;0;4;400;Tower Princess;3
2026-06-10;Reset;TOP_GLOBAL;#2JJC0VC9;Buggato;0;4;#L9VRJ;Calalas España;1;0;0;0;Royal Giant, Skeleton King, Witch, Fisherman, Tombstone, Electro Spirit, Lightning, Barbarian Barrel;RangeBattle;Royal Recruits, Zappies, Firecracker, Fireball, The Log, Royal Hogs, Flying Machine, Goblin Cage;RangeBattle;Valkyrie, Goblins, Wizard, Inferno Dragon, Bowler, Graveyard, Freeze, Tornado;Duelo;P.E.K.K.A, Dark Prince, Battle Ram, Bandit, Electro Wizard, Bats, Arrows, Goblin Gang;Duelo;0;4;400;Tower Princess;3
2026-06-10;Reset;TOP_GLOBAL;#2Y88G2LG0;LegalBreezy;0;3;#8UJ2UUJ8;#MuUuKaNs!!;2;0;0;0;Goblin Barrel, Mini P.E.K.K.A, Dart Goblin, Knight, Goblin Gang, Balloon, The Log, Fire Spirit;RangeBattle;Hunter, Royal Ghost, Electro Spirit, Royal Recruits, Fisherman, Fireball, Skeletons, Zap;RangeBattle;;;;;1;1;300;Tower Princess;2
2026-06-10;Reset;TOP_GLOBAL;#8QV8YLGVJ;Angelo;0;4;#8UJ2UUJ8;#MuUuKaNs!!;2;0;0;0;Inferno Dragon, Golden Knight, Electro Dragon, Elixir Golem, Rage, Battle Healer, Fire Spirit, Arrows;RangeBattle;Firecracker, Ice Spirit, Princess, Ice Wizard, Ram Rider, Fireball, The Log, Inferno Tower;RangeBattle;Wall Breakers, Skeleton King, Witch, Archers, Minions, Giant Snowball, Skeleton Army, Skeleton Barrel;RangeBattle;Furnace, Valkyrie, Skeletons, Cannon, Zap, Dart Goblin, Elite Barbarians, Musketeer;RangeBattle;2;2;600;Tower Princess;4
2026-06-10;Reset;#2QR292P;#UYJ0YGYP;amir.cr7;300;2;#99V9V22C;IRAN SOLID;1;0;0;0;Firecracker, Musketeer, Dart Goblin, Mini P.E.K.K.A, Electro Giant, Cannon Cart, Wall Breakers, Minions;RangeBattle;Witch, Knight, Electro Dragon, Royal Giant, Bowler, The Log, Cannon, Goblin Barrel;Duelo;P.E.K.K.A, Zap, Executioner, Fireball, Hog Rider, Electro Wizard, Bandit, Royal Ghost;Duelo;Mega Knight, Wizard, Valkyrie, Balloon, Tesla, Royal Delivery, Rage, Goblin Gang;Duelo;0;3;300;Tower Princess;2
2026-06-10;Reset;#2QR292P;#GGV0U2UPQ;cratos;300;27;#QCLPL9VQ;Tropa Do Bruxo;4;0;0;0;Musketeer, Golden Knight, Mini P.E.K.K.A, Skeleton Dragons, Baby Dragon, Hog Rider, Elixir Golem, Skeleton Barrel;RangeBattle;Firecracker, Princess, Mega Knight, Executioner, Witch, Tombstone, Clone, Valkyrie;RangeBattle;;;;;1;1;300;Tower Princess;2
2026-06-10;Reset;TOP_GLOBAL;#Q008V00U;carmine;400;1;#9U82JJ0Y;TheAddictedOnes;3;0;3;0;Mortar, Goblins, Skeleton King, Bats, Cannon Cart, Arrows, Ice Wizard, Miner;RangeBattle;Valkyrie, Barbarian Barrel, Witch, Graveyard, Poison, Vines, Goblin Hut, Berserker;Duelo;Furnace, Mighty Miner, Cannon, Earthquake, Electro Spirit, Skeletons, The Log, Hog Rider;Duelo;Battle Ram, Magic Archer, Lumberjack, Mother Witch, Zap, Fireball, Bandit, Giant Skeleton;RangeBattle;2;2;600;Tower Princess;3
2026-06-10;Reset;TOP_GLOBAL;#8G2CJG9L;pяiисе;800;1;#L9VRJ;Calalas España;1;0;4;0;Battle Ram, Wizard, Royal Ghost, Giant Skeleton, Mother Witch, Giant Snowball, Vines, Zappies;RangeBattle;Mortar, Goblins, Skeleton Barrel, Minions, Cannon Cart, Rascals, The Log, Fireball;Duelo;Inferno Dragon, Mega Minion, Valkyrie, Lava Hound, Void, Balloon, Zap, Tombstone;Duelo;Furnace, Dark Prince, Tesla, Graveyard, Poison, Ice Spirit, Skeletons, Barbarian Barrel;Duelo;3;0;700;Tower Princess;2
2026-06-07;Dia 3;#2QR292P;#LLLURJ0L2;EL_GRANDE BRUXO;100;3;#QCLPL9VQ;Tropa Do Bruxo;5;1243;1;0;;;;;;;;;0;0;0;Tower Princess;0
2026-06-07;Dia 3;#2220UQQ0UU;#800RQVCU;felipe;550;2;#R0JVY98R;BLACK「DR4GON;1;6236;4;0;;;;;;;;;0;0;0;Tower Princess;0
2026-06-07;Dia 3;#2220UQQ0UU;#2220UQQ0UU;ツ ΔЯ₡ΛↁЄ ☯︎ ㋡ ツ;900;1;#R0JVY98R;BLACK「DR4GON;1;6236;7;0;Bowler, Knight, Musketeer, Cannon, Hog Rider, Goblin Barrel, Arrows, Skeletons;RangeBattle;;;;;;;1;0;200;Tower Princess;1
2026-06-07;Dia 3;#2QR292P;#GYGY9YVGJ;Joancitoo;1300;4;#LLJPJ2JQ;28 royale 29;3;4145;8;0;Firecracker, Mini P.E.K.K.A, Knight, Zap, Hog Rider, Fireball, Ice Spirit, Cannon;RangeBattle;Electro Dragon, Bowler, P.E.K.K.A, Guards, The Log, Electro Wizard, Royal Ghost, Goblin Barrel;RangeBattle;Royal Recruits, Magic Archer, Skeleton Barrel, Miner, Goblin Gang, Musketeer, Poison, Tesla;RangeBattle;Dart Goblin, Balloon, Mega Knight, Arrows, Dark Prince, Executioner, Bats, Prince;RangeBattle;3;1;700;Tower Princess;4
2026-06-07;Dia 3;#2QR292P;#V9L9UCLYG;marionatex 223;1300;5;#LLJPJ2JQ;28 royale 29;3;4145;10;4;Executioner, Bowler, Archers, Ice Spirit, Ice Golem, Goblin Drill, Poison, Giant Snowball;RangeBattle;Dart Goblin, Little Prince, Musketeer, Valkyrie, Arrows, Electro Wizard, Knight, Electro Giant;RangeBattle;;;;;1;1;300;Tower Princess;2
2026-06-07;Dia 3;#2QR292P;#UG2UJVQP;SERENDIPITY;1300;5;#99V9V22C;IRAN SOLID;4;3088;10;0;Archers, Executioner, Baby Dragon, Skeleton Army, Rage, Poison, The Log, Royal Hogs;RangeBattle;;;;;;;0;1;100;Tower Princess;1
2026-06-07;Dia 3;#2QR292P;#2QR292P;ツ ︻デ═一⟿ΔЯ₡λↁΣ☯︎;1300;2;#QCLPL9VQ;Tropa Do Bruxo;5;1243;8;0;Princess, Musketeer, Bowler, Cannon, Battle Ram, Zap, Goblins, Goblin Barrel;RangeBattle;;;;;;;1;0;200;Tower Princess;1
2026-06-07;Dia 3;#2QR292P;#Y8GQ9089Y;ODiN;1350;4;#99V9V22C;IRAN SOLID;4;3088;8;0;Goblin Cage, Wizard, Goblin Giant, Fireball, Archers, Guards, Witch, Elixir Golem;RangeBattle;Firecracker, Musketeer, Royal Giant, Goblin Barrel, Zap, Goblin Gang, Baby Dragon, Rascals;Duelo;Valkyrie, Barbarians, Mega Knight, Skeleton Barrel, Inferno Dragon, Princess, Dart Goblin, Skeleton Army;Duelo;P.E.K.K.A, Bomber, Tesla, Knight, Freeze, Hog Rider, Magic Archer, Arrows;Duelo;1;2;400;Tower Princess;2
2026-06-07;Dia 3;#2QR292P;#90GRG9VUQ;alexchacal;1550;5;#GR8UGRVJ;peru;1;8048;12;8;;;;;;;;;0;0;0;Tower Princess;0
2026-06-07;Dia 3;#2QR292P;#GGV0U2UPQ;cratos;1650;1;#QCLPL9VQ;Tropa Do Bruxo;5;1243;12;8;;;;;;;;;0;0;0;Tower Princess;0
2026-06-07;Dia 3;#2QR292P;#PPG8JCQRG;Ridk;1725;3;#LLJPJ2JQ;28 royale 29;3;4145;12;1;Mega Knight, Giant Skeleton, Barbarians, Furnace, Spear Goblins, Minion Horde, Elixir Collector, Magic Archer;RangeBattle;P.E.K.K.A, Wizard, Archers, Hunter, Fireball, Bats, Knight, Guards;RangeBattle;Royal Ghost, Dark Prince, Executioner, Princess, Elixir Golem, Baby Dragon, Hog Rider, Golem;RangeBattle;Prince, Witch, Valkyrie, Ice Wizard, Inferno Dragon, Dart Goblin, Skeleton Army, Arrows;RangeBattle;1;3;500;Tower Princess;4
2026-06-07;Dia 3;#2QR292P;#VGQY0VPJ;Sergio;1775;4;#GR8UGRVJ;peru;1;8048;12;3;Wizard, Musketeer, Lumberjack, Mega Knight, Guards, The Log, Bomber, Archers;RangeBattle;Firecracker, Mini P.E.K.K.A, Royal Giant, Inferno Dragon, Ice Spirit, Bats, Skeletons, Dart Goblin;RangeBattle;Knight, Goblins, P.E.K.K.A, Witch, Electro Wizard, Zap, Elite Barbarians, Spear Goblins;RangeBattle;Valkyrie, Princess, Skeleton Army, Arrows, Sparky, Minions, Goblin Gang, Electro Giant;RangeBattle;2;2;600;Tower Princess;4
2026-06-07;Dia 3;#2QR292P;#R8YLQPYJ;باغ تره کار;1800;3;#99V9V22C;IRAN SOLID;4;3088;13;0;Wizard, Monk, Firecracker, Hog Rider, Flying Machine, Goblin Gang, Bowler, Lightning;RangeBattle;Executioner, Skeleton King, Lumberjack, Arrows, Balloon, Furnace, Rascals, Cannon Cart;RangeBattle;Valkyrie, Mini P.E.K.K.A, Electro Dragon, Electro Giant, Dart Goblin, Poison, Inferno Tower, Battle Healer;RangeBattle;Mega Knight, Electro Wizard, Tesla, Goblin Barrel, Fireball, Witch, Dark Prince, Skeleton Army;RangeBattle;2;2;600;Tower Princess;4
2026-06-07;Dia 3;#2QR292P;#CL80Y2GLU;ghazaleh;2000;2;#99V9V22C;IRAN SOLID;4;3088;15;0;Firecracker, Golden Knight, Royal Ghost, Goblin Giant, Minions, Inferno Tower, Skeleton Army, Royal Hogs;RangeBattle;Witch, Executioner, Royal Giant, Arrows, Battle Ram, Bomber, Princess, Skeleton Barrel;RangeBattle;Archers, Ram Rider, Furnace, Hog Rider, Mega Knight, Guards, Wall Breakers, Dart Goblin;RangeBattle;Valkyrie, Wizard, Elite Barbarians, Bandit, Goblin Gang, Goblin Barrel, Zap, Tornado;RangeBattle;2;2;600;Tower Princess;4
2026-06-07;Dia 3;#2QR292P;#2GLGURJCL;PTV_gravity;2050;5;#YYG9V0VC;Orcos Samurai;2;4691;12;0;;;;;;;;;0;0;0;Tower Princess;0
2026-06-07;Dia 3;#2QR292P;#2VQL08V9V;sandia;2100;4;#YYG9V0VC;Orcos Samurai;2;4691;13;0;Mega Knight, Fireball, Wizard, Ram Rider, Executioner, Bats, Goblin Barrel, Zap;Duelo;Hog Rider, Bowler, Witch, Dark Prince, Skeleton Barrel, Tornado, Freeze, Electro Dragon;Duelo;Mini P.E.K.K.A, Wall Breakers, Baby Dragon, Furnace, Firecracker, Archers, Dart Goblin, Arrows;Duelo;Royal Giant, Inferno Tower, Fire Spirit, Poison, Magic Archer, Princess, Sparky, Ice Spirit;RangeBattle;3;0;700;Tower Princess;2
2026-06-07;Dia 3;#2QR292P;#JGQ0YQ0J;KickboxinG;2300;2;#LLJPJ2JQ;28 royale 29;3;4145;15;0;Knight, Mega Minion, Mega Knight, Fireball, Bomber, Suspicious Bush, Night Witch, The Log;RangeBattle;Baby Dragon, Skeleton King, Goblin Giant, Poison, Prince, Firecracker, Mortar, Mini P.E.K.K.A;Duelo;Royal Hogs, Hog Rider, Furnace, Flying Machine, Inferno Tower, Electro Spirit, Giant Snowball, Spear Goblins;Duelo;;;2;1;600;Tower Princess;2
2026-06-07;Dia 3;#2QR292P;#JVGU0Q2Y9;Salvix;2500;2;#YYG9V0VC;Orcos Samurai;2;4691;16;0;Valkyrie, Mega Knight, Skeleton King, Executioner, Electro Wizard, Princess, Firecracker, Elixir Golem;RangeBattle;Dart Goblin, Wizard, Magic Archer, Inferno Tower, Goblin Barrel, Skeleton Dragons, Prince, Ram Rider;RangeBattle;Royal Hogs, Dark Prince, Skeleton Barrel, Royal Ghost, Tesla, Minion Horde, Arrows, Elite Barbarians;RangeBattle;Archers, P.E.K.K.A, Mini P.E.K.K.A, Fireball, Baby Dragon, Skeleton Army, Knight, Witch;RangeBattle;2;2;600;Tower Princess;4
2026-06-07;Dia 3;#2QR292P;#2J82JYVRV;CalonSoler;2500;3;#YYG9V0VC;Orcos Samurai;2;4691;15;0;Witch, Firecracker, Barbarians, Balloon, Zap, Goblin Barrel, Goblin Gang, Baby Dragon;Duelo;P.E.K.K.A, Royal Giant, Musketeer, Bomber, Valkyrie, Fireball, Fire Spirit, The Log;Duelo;Executioner, Lumberjack, Mini P.E.K.K.A, Electro Wizard, Giant, Minion Horde, Furnace, Dark Prince;Duelo;Wizard, Knight, Archers, Hog Rider, Tesla, Skeleton Army, Arrows, Guards;RangeBattle;0;3;300;Tower Princess;2
2026-06-07;Dia 3;TOP_GLOBAL;#YGJ8UR8V;Btwags;2500;3;#9U82JJ0Y;TheAddictedOnes;3;10305;12;0;;;;;;;;;0;0;0;Tower Princess;0
2026-06-07;Dia 3;TOP_GLOBAL;#208QY20P;Dragon King;2500;4;#9U82JJ0Y;TheAddictedOnes;3;10305;12;0;Royal Recruits, Magic Archer, Goblin Cage, Royal Hogs, Zappies, Barbarian Barrel, Electro Spirit, Arrows;RangeBattle;Witch, Knight, Baby Dragon, Golem, Vines, Minions, Mini P.E.K.K.A, Zap;RangeBattle;Royal Giant, Goblins, Royal Ghost, Lightning, Hunter, Fisherman, Ice Spirit, The Log;Duelo;Valkyrie, Balloon, Inferno Dragon, Giant Snowball, Skeleton Dragons, Guards, Fireball, Lava Hound;Duelo;3;1;800;Tower Princess;3
2026-06-07;Dia 3;TOP_GLOBAL;#8LLQL80G;NIPOFPLATINUM;2500;5;#9U82JJ0Y;TheAddictedOnes;3;10305;12;0;Valkyrie, Lava Hound, Zap, Miner, Spirit Empress, Vines, Minions, Tombstone;RangeBattle;Giant Snowball, Giant, Bowler, Poison, Bats, Mini P.E.K.K.A, Witch, Graveyard;RangeBattle;Royal Hogs, Golden Knight, Goblin Cage, Barbarian Barrel, Zappies, Arrows, Royal Recruits, Flying Machine;Duelo;Cannon, Mighty Miner, Furnace, Goblins, Lightning, Electro Spirit, The Log, Hog Rider;Duelo;4;0;900;Tower Princess;3
2026-06-07;Dia 3;TOP_GLOBAL;#8LQRUGY29;MuK｜⚡DJANGO⚡;2600;5;#8UJ2UUJ8;#MuUuKaNs!!;2;10305;12;0;Royal Hogs, Electro Spirit, Goblin Cage, Fireball, Royal Recruits, Bomber, Zappies, Flying Machine;RangeBattle;Inferno Dragon, Bowler, Electro Dragon, Balloon, Barbarian Barrel, Tornado, Freeze, Lumberjack;RangeBattle;Ice Spirit, Knight, Goblin Barrel, Princess, The Log, Inferno Tower, Goblin Gang, Rocket;Duelo;Mega Knight, Archer Queen, Wall Breakers, Arrows, Bandit, Zap, Prince, Bats;Duelo;0;4;400;Tower Princess;3
2026-06-07;Dia 3;#2QR292P;#CQJYV08QJ;wosito;2600;1;#LLJPJ2JQ;28 royale 29;3;4145;16;0;Firecracker, Bowler, Furnace, Guards, Hog Rider, Magic Archer, Mirror, Fireball;RangeBattle;Mega Knight, Goblin Hut, Witch, Dart Goblin, Goblin Barrel, Electro Spirit, Poison, Princess;RangeBattle;Giant Snowball, Golden Knight, Skeleton Army, Cannon, Mother Witch, Knight, Mega Minion, Miner;RangeBattle;Minion Horde, Boss Bandit, Wizard, Tombstone, Baby Dragon, Bomber, Goblin Gang, Arrows;RangeBattle;3;1;700;Tower Princess;4
2026-06-07;Dia 3;TOP_GLOBAL;#22CUVRCC;完成体❟❛❟Susanoo;2600;3;#L9VRJ;Calalas España;1;5105;12;0;Valkyrie, Barbarian Barrel, Wizard, Zappies, Bowler, Tornado, Freeze, Graveyard;RangeBattle;Mega Knight, Goblinstein, Firecracker, Goblin Barrel, Arrows, Goblin Gang, Prince, Bandit;RangeBattle;Royal Giant, Skeleton King, Witch, Tombstone, The Log, Lightning, Fisherman, Electro Spirit;Duelo;P.E.K.K.A, Dark Prince, Bomber, Electro Wizard, Zap, Fireball, Magic Archer, Battle Ram;Duelo;4;0;900;Tower Princess;3
2026-06-07;Dia 3;TOP_GLOBAL;#20GQ9RLUJ;CAL Xervo;2600;4;#L9VRJ;Calalas España;1;5105;12;0;Firecracker, Ice Golem, Skeletons, Ice Spirit, Hog Rider, Earthquake, The Log, Bomb Tower;RangeBattle;Royal Recruits, Barbarian Barrel, Royal Hogs, Fireball, Arrows, Zappies, Flying Machine, Goblin Cage;Duelo;Goblin Barrel, Goblins, Dart Goblin, Knight, Cannon, Giant Snowball, Rocket, Fire Spirit;Duelo;Archers, Bats, Goblin Giant, Sparky, Dark Prince, Mini P.E.K.K.A, Rage, Elixir Collector;Duelo;3;0;700;Tower Princess;2
2026-06-07;Dia 3;TOP_GLOBAL;#28Y9CRV2;!DKT✨Jonathan;2600;5;#L9VRJ;Calalas España;1;5105;12;0;Baby Dragon, Mega Minion, Zap, Lava Hound, Miner, Skeletons, Lightning, Dark Prince;RangeBattle;Giant Snowball, Goblins, Tesla, Knight, Goblin Drill, Poison, Fire Spirit, Bomber;RangeBattle;Royal Hogs, Magic Archer, Royal Ghost, Berserker, Electro Spirit, The Log, Goblin Hut, Fireball;Duelo;Mortar, Barbarian Barrel, Minion Horde, Arrows, Guards, Cannon Cart, Valkyrie, Ice Spirit;Duelo;4;0;900;Tower Princess;3
2026-06-07;Dia 3;TOP_GLOBAL;#908JRRCYQ;TheeSimulacrum;2600;1;#9U82JJ0Y;TheAddictedOnes;3;10305;12;0;Lumberjack, Mega Minion, Zap, Arrows, Bomber, Elite Barbarians, Golem, Night Witch;RangeBattle;Royal Hogs, Archer Queen, Cannon, Earthquake, Ice Spirit, Royal Delivery, Skeletons, The Log;RangeBattle;Mortar, Goblins, Skeleton Barrel, Barbarian Barrel, Cannon Cart, Fireball, Minions, Rascals;Duelo;Executioner, Golden Knight, Inferno Dragon, Bowler, Freeze, Graveyard, Tornado, Zappies;Duelo;4;0;900;Tower Princess;3
2026-06-07;Dia 3;TOP_GLOBAL;#CR0JUCC2;Don-Mehdi;2600;2;#9U82JJ0Y;TheAddictedOnes;3;10305;12;0;Firecracker, Mighty Miner, Tesla, Hog Rider, Skeletons, Electro Spirit, The Log, Earthquake;RangeBattle;Executioner, Golden Knight, Inferno Dragon, Zappies, Bowler, Tornado, Freeze, Graveyard;RangeBattle;Mortar, Goblins, Skeleton Barrel, Cannon Cart, Rascals, Minions, Barbarian Barrel, Fireball;Duelo;Battle Ram, Magic Archer, Royal Ghost, Electro Wizard, Bandit, P.E.K.K.A, Zap, Poison;Duelo;4;0;900;Tower Princess;3
2026-06-07;Dia 3;TOP_GLOBAL;#VQ8U2C82;easy mdr de ouf;2600;4;#9LVQLR;Band of Adultes;5;10305;12;0;Valkyrie, Wizard, Dark Prince, Guards, Lightning, Hog Rider, The Log, Furnace;RangeBattle;Goblin Drill, Knight, Bowler, Goblin Demolisher, Poison, Tesla, Tornado, Giant Snowball;RangeBattle;Royal Giant, Skeleton King, Witch, Barbarian Barrel, Zappies, Fireball, Tombstone, Fisherman;Duelo;Inferno Dragon, Balloon, Skeleton Army, Bats, Giant Skeleton, Baby Dragon, Arrows, Freeze;Duelo;4;0;900;Tower Princess;3
2026-06-07;Dia 3;TOP_GLOBAL;#29PGJCV28;bibi77;2600;5;#9LVQLR;Band of Adultes;5;10305;12;0;Lumberjack, Bowler, Inferno Dragon, Balloon, Freeze, Barbarian Barrel, Tornado, Baby Dragon;RangeBattle;Royal Ghost, Magic Archer, Battle Ram, Fireball, Bandit, Zap, Electro Wizard, P.E.K.K.A;RangeBattle;Royal Giant, Skeleton King, Hunter, Lightning, Fisherman, Electro Spirit, Tombstone, Arrows;Duelo;Firecracker, Knight, Ice Spirit, Goblin Gang, The Log, Bomb Tower, Hog Rider, Earthquake;Duelo;3;1;800;Tower Princess;3
2026-06-07;Dia 3;#2QR292P;#L8GYPCRUJ;Efiend;2650;3;#GR8UGRVJ;peru;1;8048;16;0;Royal Recruits, Mega Minion, Valkyrie, Cannon, Electro Spirit, Bomber, Wall Breakers, Musketeer;RangeBattle;P.E.K.K.A, Little Prince, Furnace, Inferno Tower, Ice Spirit, The Log, Bandit, Bats;RangeBattle;Witch, Giant, Firecracker, Bomb Tower, Heal Spirit, Rage, Ram Rider, Earthquake;Duelo;Mega Knight, Barbarian Barrel, Wizard, Tesla, Fire Spirit, Arrows, Guards, Zap;Duelo;2;2;600;Tower Princess;3
2026-06-07;Dia 3;TOP_GLOBAL;#J8LJU2PPJ;MuK｜Zlatan 2 ⚡️;2700;1;#8UJ2UUJ8;#MuUuKaNs!!;2;10305;12;0;Bomber, Dark Prince, Goblin Cage, Phoenix, Tornado, Lightning, Barbarian Barrel, Electro Giant;RangeBattle;Mega Knight, Archer Queen, Bats, Wall Breakers, Bandit, Prince, Zap, Miner;RangeBattle;Firecracker, Mighty Miner, Goblins, Ice Spirit, The Log, Earthquake, Bomb Tower, Hog Rider;Duelo;Electro Dragon, Elixir Golem, Inferno Dragon, Battle Healer, Rage, Arrows, Elite Barbarians, Mirror;Duelo;0;4;400;Tower Princess;3
2026-06-07;Dia 3;TOP_GLOBAL;#CJ9G8PPPY;MuK｜⚡MiniAlex™⚡;2700;2;#8UJ2UUJ8;#MuUuKaNs!!;2;10305;12;0;Royal Giant, Wizard, Royal Ghost, Skeletons, Fireball, Fisherman, Barbarian Barrel, Electro Spirit;RangeBattle;Valkyrie, Goblins, Executioner, Ice Spirit, Hog Rider, Rocket, Tornado, The Log;RangeBattle;Mega Knight, Archer Queen, Bats, Wall Breakers, Prince, Bandit, Goblin Gang, Arrows;Duelo;Goblin Giant, Mini P.E.K.K.A, Zap, Rage, Minions, Mother Witch, Sparky, Dark Prince;Duelo;0;4;400;Tower Princess;3
2026-06-07;Dia 3;TOP_GLOBAL;#PGYPP0C8;MuK｜⚡MiniMazz⚡;2700;3;#8UJ2UUJ8;#MuUuKaNs!!;2;10305;12;0;Goblin Giant, Mini P.E.K.K.A, Knight, Arrows, Electro Wizard, Rage, Minions, Sparky;RangeBattle;Barbarians, Mega Minion, Zap, Fireball, Lava Hound, Balloon, Skeleton Dragons, Tombstone;RangeBattle;Firecracker, Mighty Miner, Tesla, Skeletons, The Log, Earthquake, Ice Spirit, Hog Rider;Duelo;Royal Recruits, Barbarian Barrel, Archers, Poison, Goblin Cage, Zappies, Flying Machine, Royal Hogs;Duelo;0;4;400;Tower Princess;3
2026-06-07;Dia 3;TOP_GLOBAL;#2G8LR0CQL;MuK｜⚡Dani ❤ 스팸⚡;2700;4;#8UJ2UUJ8;#MuUuKaNs!!;2;10305;12;0;Valkyrie, Goblinstein, Goblin Cage, Barbarian Barrel, Graveyard, Ice Wizard, Poison, Guards;RangeBattle;Tesla, Goblins, Musketeer, Ice Spirit, Giant Skeleton, Earthquake, Hog Rider, Giant Snowball;RangeBattle;Mega Knight, Archer Queen, Wall Breakers, Prince, Bandit, Goblin Gang, Arrows, Bats;Duelo;Royal Ghost, Golden Knight, Battle Ram, P.E.K.K.A, Electro Wizard, Minions, Fireball, Zap;Duelo;0;4;400;Tower Princess;3
2026-06-07;Dia 3;#2QR292P;#VUP0UUQGY;lufe;2700;2;#GR8UGRVJ;peru;1;8048;16;0;Witch, Miner, Knight, Bomb Tower, Elixir Golem, Electro Spirit, Minions, Poison;RangeBattle;Royal Ghost, Giant, Firecracker, Skeleton Army, Fire Spirit, Ice Wizard, Zap, The Log;RangeBattle;Valkyrie, Ram Rider, Tesla, Rage, Barbarian Barrel, Skeletons, Dart Goblin, Berserker;RangeBattle;Wizard, Bats, Cannon, Guards, Hog Rider, Archers, Arrows, Ice Spirit;RangeBattle;1;3;500;Tower Princess;4
2026-06-07;Dia 3;TOP_GLOBAL;#2JQURPC0;IceTiger;2700;1;#L9VRJ;Calalas España;1;5105;12;0;Mega Knight, Musketeer, Valkyrie, Arrows, Goblin Hut, Goblin Barrel, Goblin Gang, Bats;RangeBattle;Knight, Barbarian Barrel, Baby Dragon, Bowler, Graveyard, Ice Wizard, Poison, Tornado;RangeBattle;Archers, Fireball, Firecracker, Royal Hogs, Mother Witch, P.E.K.K.A, Zap, Dark Prince;Duelo;Royal Giant, Skeleton King, Wizard, The Log, Lightning, Fisherman, Electro Spirit, Tombstone;Duelo;4;0;900;Tower Princess;3
2026-06-07;Dia 3;TOP_GLOBAL;#LVCY80G2;Madara❟❛❟Uchiha;2700;2;#L9VRJ;Calalas España;1;5105;12;0;Wizard, Bowler, Knight, Tornado, Inferno Dragon, Goblin Gang, Graveyard, Freeze;RangeBattle;Royal Recruits, Fireball, Firecracker, Flying Machine, Royal Hogs, Arrows, Goblin Cage, Zappies;RangeBattle;Royal Giant, Skeleton King, Witch, Barbarian Barrel, Tombstone, Electro Spirit, Fisherman, Lightning;Duelo;P.E.K.K.A, Magic Archer, Bomber, Bandit, Electro Wizard, Poison, Battle Ram, Zap;Duelo;4;0;900;Tower Princess;3
2026-06-07;Dia 3;TOP_GLOBAL;#Q89UV8VU;Dodox;2700;1;#9LVQLR;Band of Adultes;5;10305;12;0;Firecracker, Graveyard, Furnace, Berserker, Arrows, Giant Skeleton, Goblin Hut, Poison;RangeBattle;Goblin Cage, Golden Knight, Royal Hogs, Royal Recruits, Fireball, Zappies, Barbarian Barrel, Flying Machine;RangeBattle;Electro Dragon, Golem, Inferno Dragon, Lumberjack, Battle Healer, Barbarians, Tornado, Elixir Collector;Duelo;Bats, Skeleton King, Skeletons, Elixir Golem, Lightning, Night Witch, Phoenix, The Log;Duelo;4;0;900;Tower Princess;3
2026-06-07;Dia 3;TOP_GLOBAL;#9GPR8R98;Games90;2700;2;#9LVQLR;Band of Adultes;5;10305;12;0;;;;;;;;;0;0;0;Tower Princess;0
2026-06-07;Dia 3;TOP_GLOBAL;#88U20820U;TuRkoErTan66;2700;3;#9LVQLR;Band of Adultes;5;10305;12;0;Royal Giant, Barbarian Barrel, Royal Ghost, Hunter, Fireball, Skeletons, Electro Spirit, Fisherman;RangeBattle;Inferno Dragon, Ice Golem, Bowler, Skeleton Dragons, Tornado, Freeze, Goblin Cage, Graveyard;Duelo;Royal Hogs, Archer Queen, Tesla, Earthquake, Ice Spirit, Goblins, Royal Delivery, The Log;Duelo;Giant Snowball, Mighty Miner, Cannon, Bomber, Goblin Drill, Bats, Guards, Fire Spirit;RangeBattle;4;0;900;Tower Princess;3
2026-06-07;Dia 3;#2QR292P;#CCRUUJ00;alexia;2800;1;#YYG9V0VC;Orcos Samurai;2;4691;16;0;Lumberjack, Giant, Magic Archer, Arrows, Baby Dragon, Guards, Berserker, Elite Barbarians;RangeBattle;P.E.K.K.A, Goblins, Witch, Skeleton Barrel, Goblin Gang, Zap, Knight, Fireball;Duelo;Mega Knight, Mega Minion, Electro Dragon, Hog Rider, Firecracker, Bandit, Mini P.E.K.K.A, Giant Snowball;Duelo;Valkyrie, Bowler, Battle Ram, Dark Prince, The Log, Dart Goblin, Prince, Hunter;Duelo;3;0;700;Tower Princess;2
2026-06-07;Dia 3;#2QR292P;#UP8LGP29P;coras;2900;1;#GR8UGRVJ;peru;1;8048;15;0;Mega Knight, Boss Bandit, Monk, Firecracker, Poison, Inferno Tower, Night Witch, Mother Witch;RangeBattle;Wizard, Knight, Hunter, Tesla, The Log, Skeleton Barrel, Hog Rider, Inferno Dragon;Duelo;Goblin Cage, Royal Delivery, Furnace, Royal Giant, Goblin Barrel, Dart Goblin, Fireball, Bats;Duelo;P.E.K.K.A, Skeleton King, Witch, Cannon, Ram Rider, Electro Wizard, Arrows, Lightning;Duelo;3;0;700;Tower Princess;2
2026-06-07;Dia 3;#2QR292P;#UYJ0YGYP;amir.cr7;3050;1;#99V9V22C;IRAN SOLID;4;3088;16;0;Firecracker, Musketeer, Dart Goblin, Mini P.E.K.K.A, Electro Giant, Cannon Cart, Wall Breakers, Minions;RangeBattle;;;;;;;0;1;100;Tower Princess;1
2026-06-06;Dia 2;#2QR292P;#LLLURJ0L2;EL_GRANDE BRUXO;100;3;#QCLPL9VQ;Tropa Do Bruxo;5;843;1;0;Musketeer, Royal Giant, Golden Knight, Valkyrie, Magic Archer, Dark Prince, Miner, Arrows;RangeBattle;;;;;;;0;1;100;Tower Princess;1
2026-06-06;Dia 2;#2220UQQ0UU;#800RQVCU;felipe;550;2;#R0JVY98R;BLACK「DR4GON;1;3177;4;0;Electro Dragon, Boss Bandit, Baby Dragon, Void, Ice Spirit, Graveyard, Fire Spirit, Ice Golem;Duelo;Tesla, Skeletons, Knight, X-Bow, Ice Wizard, The Log, Tornado, Rocket;Duelo;P.E.K.K.A, Royal Ghost, Archer Queen, Electro Wizard, Battle Ram, Zap, Magic Archer, Earthquake;Duelo;Firecracker, Hog Rider, Musketeer, Poison, Electro Spirit, Cannon, Bats, Goblin Gang;RangeBattle;0;3;300;Tower Princess;2
2026-06-06;Dia 2;#2220UQQ0UU;#2220UQQ0UU;ツ ΔЯ₡ΛↁЄ ☯︎ ㋡ ツ;700;1;#R0JVY98R;BLACK「DR4GON;1;3177;6;0;Bats, Giant, Witch, Valkyrie, Vines, Goblin Gang, Archers, Electro Spirit;RangeBattle;Bowler, Knight, Musketeer, Cannon, Hog Rider, Goblin Barrel, Arrows, Skeletons;RangeBattle;;;;;0;2;200;Tower Princess;2
2026-06-06;Dia 2;#2QR292P;#2GR9VJ8V8;MAHDI CR7;1000;5;#99V9V22C;IRAN SOLID;3;2488;8;0;Skeleton Barrel, Skeleton King, Tombstone, Elite Barbarians, Firecracker, Zap, Tornado, Cannon;RangeBattle;;;;;;;0;1;100;Tower Princess;1
2026-06-06;Dia 2;#2QR292P;#V9L9UCLYG;marionatex 223;1000;5;#LLJPJ2JQ;28 royale 29;4;2345;8;4;Royal Hogs, Balloon, Electro Giant, Golem, Firecracker, Giant Skeleton, P.E.K.K.A, Prince;Barco;Royal Recruits, Mega Knight, Executioner, Valkyrie;Barco;;;;;0;2;150;Tower Princess;2
2026-06-06;Dia 2;#2QR292P;#GGV0U2UPQ;cratos;1000;2;#QCLPL9VQ;Tropa Do Bruxo;5;843;8;8;Ram Rider, Knight, Minion Horde, Magic Archer, Goblin Gang, Mirror, Prince, Wizard;Barco;Musketeer, Golden Knight, Mini P.E.K.K.A, Skeleton Dragons, Baby Dragon, Hog Rider, Elixir Golem, Skeleton Barrel;Barco;Barbarians, Royal Ghost, Electro Wizard, Hunter, Ice Wizard, Royal Hogs, Lava Hound, Dart Goblin;Barco;Firecracker, Princess, Mega Knight, Executioner, Witch, Tombstone, Clone, Valkyrie;Barco;4;0;500;Tower Princess;4
2026-06-06;Dia 2;#2QR292P;#GVGUGL0YU;smoking;1100;4;#LLJPJ2JQ;28 royale 29;4;2345;7;0;Mega Knight, Golden Knight, Witch, Fireball, Tesla, The Log, Spear Goblins, Lumberjack;RangeBattle;Valkyrie, Mini P.E.K.K.A, Dart Goblin, Arrows, Barbarians, Electro Wizard, Hog Rider, Inferno Tower;RangeBattle;Royal Ghost, Bowler, Wizard, Knight, Zap, Hunter, Guards, Goblin Cage;RangeBattle;Skeleton Barrel, Princess, Firecracker, P.E.K.K.A, Battle Ram, Goblin Barrel, Elite Barbarians, Prince;RangeBattle;3;1;700;Tower Princess;4
2026-06-06;Dia 2;#2QR292P;#2QR292P;ツ ︻デ═一⟿ΔЯ₡λↁΣ☯︎;1100;1;#QCLPL9VQ;Tropa Do Bruxo;5;843;7;0;Princess, Musketeer, Bowler, Cannon, Battle Ram, Zap, Goblins, Goblin Barrel;RangeBattle;Mortar, Goblinstein, Bats, Miner, Cannon Cart, Ice Wizard, Goblin Gang, Arrows;RangeBattle;Tesla, Knight, Archers, Skeletons, Ice Spirit, X-Bow, Fireball, The Log;RangeBattle;;;0;3;300;Tower Princess;3
2026-06-06;Dia 2;#2QR292P;#R8YLQPYJ;باغ تره کار;1200;3;#99V9V22C;IRAN SOLID;3;2488;9;0;Mega Knight, Electro Wizard, Tesla, Goblin Barrel, Fireball, Witch, Dark Prince, Skeleton Army;RangeBattle;;;;;;;1;0;200;Tower Princess;1
2026-06-06;Dia 2;#2QR292P;#UG2UJVQP;SERENDIPITY;1200;4;#99V9V22C;IRAN SOLID;3;2488;9;0;Archers, Executioner, Baby Dragon, Skeleton Army, Rage, Poison, The Log, Royal Hogs;RangeBattle;;;;;;;0;1;100;Tower Princess;1
2026-06-06;Dia 2;#2QR292P;#PPG8JCQRG;Ridk;1225;3;#LLJPJ2JQ;28 royale 29;4;2345;8;1;Mega Knight, Giant Skeleton, Barbarians, Furnace, Spear Goblins, Minion Horde, Elixir Collector, Magic Archer;RangeBattle;P.E.K.K.A, Wizard, Archers, Hunter, Fireball, Bats, Knight, Guards;RangeBattle;Royal Ghost, Dark Prince, Executioner, Princess, Elixir Golem, Baby Dragon, Hog Rider, Golem;RangeBattle;Prince, Witch, Valkyrie, Ice Wizard, Inferno Dragon, Dart Goblin, Skeleton Army, Arrows;RangeBattle;3;3;850;Tower Princess;6
2026-06-06;Dia 2;#2QR292P;#VV0R8PGC2;omega20;1300;5;#GR8UGRVJ;peru;1;5048;8;0;Royal Ghost, Miner, Golden Knight, Zappies, Zap, Bowler, Inferno Tower, Firecracker;RangeBattle;Balloon, Musketeer, Goblinstein, Berserker, Bomb Tower, Wall Breakers, Lightning, Archers;RangeBattle;Royal Delivery, Knight, Archer Queen, Ice Wizard, Mini P.E.K.K.A, Royal Hogs, Goblin Gang, Tesla;RangeBattle;Skeleton Barrel, Mighty Miner, Magic Archer, Barbarian Barrel, Valkyrie, Spear Goblins, Witch, Arrows;RangeBattle;3;2;775;Tower Princess;5
2026-06-06;Dia 2;#2QR292P;#2VQL08V9V;sandia;1300;5;#YYG9V0VC;Orcos Samurai;2;3691;9;0;Mini P.E.K.K.A, Wall Breakers, Baby Dragon, Furnace, Firecracker, Archers, Dart Goblin, Arrows;RangeBattle;Mega Knight, Fireball, Wizard, Ram Rider, Executioner, Bats, Goblin Barrel, Zap;Duelo;Hog Rider, Bowler, Witch, Dark Prince, Skeleton Barrel, Tornado, Freeze, Electro Dragon;Duelo;Royal Giant, Inferno Tower, Fire Spirit, Poison, Magic Archer, Princess, Sparky, Ice Spirit;RangeBattle;2;2;600;Tower Princess;3
2026-06-06;Dia 2;#2QR292P;#CL80Y2GLU;ghazaleh;1400;2;#99V9V22C;IRAN SOLID;3;2488;11;0;Firecracker, Goblin Giant, Golden Knight, Royal Ghost, Minions, Inferno Tower, Skeleton Army, Royal Hogs;RangeBattle;Witch, Executioner, Royal Giant, Arrows, Battle Ram, Bomber, Princess, Skeleton Barrel;RangeBattle;Archers, Ram Rider, Furnace, Hog Rider, Mega Knight, Guards, Wall Breakers, Dart Goblin;RangeBattle;Valkyrie, Wizard, Elite Barbarians, Bandit, Goblin Gang, Goblin Barrel, Zap, Tornado;RangeBattle;2;2;600;Tower Princess;4
2026-06-06;Dia 2;#2QR292P;#90GRG9VUQ;alexchacal;1550;4;#GR8UGRVJ;peru;1;5048;12;8;Tesla, Musketeer, Barbarians, Knight, Rage, Goblin Gang, Dart Goblin, Electro Giant;RangeBattle;Goblin Cage, Bowler, Magic Archer, Three Musketeers, Goblin Barrel, Hog Rider, Skeleton Army, Princess;Duelo;Mega Knight, Golden Knight, Executioner, Golem, Mirror, Baby Dragon, Furnace, Elite Barbarians;Duelo;Witch, Wizard, Mini P.E.K.K.A, Firecracker, Valkyrie, P.E.K.K.A, Electro Wizard, Freeze;Duelo;0;3;300;Tower Princess;2
2026-06-06;Dia 2;#2QR292P;#JGQ0YQ0J;KickboxinG;1700;2;#LLJPJ2JQ;28 royale 29;4;2345;12;0;Royal Hogs, Hog Rider, Furnace, Flying Machine, Inferno Tower, Electro Spirit, Giant Snowball, Spear Goblins;RangeBattle;Knight, Mega Minion, Mega Knight, Fireball, Bomber, Suspicious Bush, Night Witch, The Log;RangeBattle;Baby Dragon, Skeleton King, Goblin Giant, Poison, Prince, Firecracker, Mortar, Mini P.E.K.K.A;Duelo;Valkyrie, Wizard, Inferno Dragon, Golem, Skeleton Barrel, Fire Spirit, Fisherman, Skeleton Army;Duelo;1;3;500;Tower Princess;3
2026-06-06;Dia 2;#2QR292P;#JVGU0Q2Y9;Salvix;1900;4;#YYG9V0VC;Orcos Samurai;2;3691;12;0;Valkyrie, Mega Knight, Skeleton King, Executioner, Electro Wizard, Princess, Firecracker, Elixir Golem;RangeBattle;Dart Goblin, Wizard, Magic Archer, Inferno Tower, Goblin Barrel, Skeleton Dragons, Prince, Ram Rider;RangeBattle;Royal Hogs, Dark Prince, Skeleton Barrel, Royal Ghost, Tesla, Minion Horde, Arrows, Elite Barbarians;RangeBattle;Archers, P.E.K.K.A, Mini P.E.K.K.A, Fireball, Baby Dragon, Skeleton Army, Knight, Witch;RangeBattle;2;2;600;Tower Princess;4
2026-06-06;Dia 2;#2QR292P;#CQJYV08QJ;wosito;1900;1;#LLJPJ2JQ;28 royale 29;4;2345;12;0;Firecracker, Bowler, Furnace, Guards, Hog Rider, Magic Archer, Mirror, Fireball;RangeBattle;Mega Knight, Goblin Hut, Witch, Dart Goblin, Goblin Barrel, Electro Spirit, Poison, Princess;RangeBattle;Giant Snowball, Golden Knight, Skeleton Army, Cannon, Mother Witch, Knight, Mega Minion, Miner;RangeBattle;Minion Horde, Boss Bandit, Wizard, Tombstone, Baby Dragon, Bomber, Goblin Gang, Arrows;RangeBattle;3;1;700;Tower Princess;4
2026-06-06;Dia 2;#2QR292P;#2J82JYVRV;CalonSoler;1950;3;#YYG9V0VC;Orcos Samurai;2;3691;11;0;P.E.K.K.A, Royal Giant, Musketeer, Bomber, Valkyrie, Fireball, Fire Spirit, The Log;RangeBattle;Wizard, Knight, Archers, Hog Rider, Tesla, Skeleton Army, Arrows, Guards;Duelo;Witch, Firecracker, Barbarians, Balloon, Zap, Goblin Barrel, Goblin Gang, Baby Dragon;Duelo;;;2;1;600;Tower Princess;2
2026-06-06;Dia 2;#2QR292P;#CCRUUJ00;alexia;2000;2;#YYG9V0VC;Orcos Samurai;2;3691;12;0;Mega Knight, Mega Minion, Electro Dragon, Hog Rider, Firecracker, Bandit, Mini P.E.K.K.A, Giant Snowball;RangeBattle;Lumberjack, Giant, Magic Archer, Arrows, Baby Dragon, Guards, Berserker, Elite Barbarians;RangeBattle;P.E.K.K.A, Goblins, Witch, Skeleton Barrel, Goblin Gang, Zap, Knight, Fireball;Duelo;Valkyrie, Bowler, Battle Ram, Dark Prince, The Log, Dart Goblin, Prince, Hunter;Duelo;3;1;800;Tower Princess;3
2026-06-06;Dia 2;#2QR292P;#L8GYPCRUJ;Efiend;2050;3;#GR8UGRVJ;peru;1;5048;12;0;Royal Recruits, Mega Minion, Valkyrie, Cannon, Electro Spirit, Bomber, Wall Breakers, Musketeer;RangeBattle;P.E.K.K.A, Little Prince, Furnace, Inferno Tower, Ice Spirit, The Log, Bandit, Bats;RangeBattle;Witch, Giant, Firecracker, Bomb Tower, Heal Spirit, Rage, Ram Rider, Earthquake;Duelo;Mega Knight, Barbarian Barrel, Wizard, Tesla, Fire Spirit, Arrows, Guards, Zap;Duelo;2;2;600;Tower Princess;3
2026-06-06;Dia 2;#2QR292P;#2GLGURJCL;PTV_gravity;2050;1;#YYG9V0VC;Orcos Samurai;2;3691;12;0;Dart Goblin, Bomber, Royal Ghost, Minions, Prince, Skeleton Dragons, Ice Wizard, Fireball;RangeBattle;Wizard, Firecracker, Mega Minion, Balloon, Flying Machine, Night Witch, Guards, Furnace;RangeBattle;Valkyrie, Musketeer, Witch, Baby Dragon, Hog Rider, Electro Wizard, The Log, Princess;Duelo;Knight, Bats, Royal Hogs, Skeleton Army, Dark Prince, Electro Dragon, Magic Archer, Hunter;Duelo;2;2;700;Tower Princess;3
2026-06-06;Dia 2;#2QR292P;#UP8LGP29P;coras;2100;2;#GR8UGRVJ;peru;1;5048;11;0;Wizard, Knight, Hunter, Tesla, The Log, Skeleton Barrel, Hog Rider, Inferno Dragon;Duelo;Goblin Cage, Royal Delivery, Furnace, Royal Giant, Goblin Barrel, Dart Goblin, Fireball, Bats;Duelo;P.E.K.K.A, Skeleton King, Witch, Cannon, Ram Rider, Electro Wizard, Arrows, Lightning;Duelo;;;2;0;500;Tower Princess;1
2026-06-06;Dia 2;#2QR292P;#VUP0UUQGY;lufe;2200;1;#GR8UGRVJ;peru;1;5048;12;0;Witch, Miner, Knight, Bomb Tower, Elixir Golem, Electro Spirit, Minions, Poison;RangeBattle;Royal Ghost, Giant, Firecracker, Skeleton Army, Fire Spirit, Ice Wizard, Zap, The Log;RangeBattle;Valkyrie, Ram Rider, Tesla, Rage, Barbarian Barrel, Skeletons, Dart Goblin, Berserker;RangeBattle;Wizard, Bats, Cannon, Guards, Hog Rider, Archers, Arrows, Ice Spirit;RangeBattle;4;0;800;Tower Princess;4
2026-06-06;Dia 2;TOP_GLOBAL;#YGJ8UR8V;Btwags;2500;3;#9U82JJ0Y;TheAddictedOnes;3;10305;12;0;;;;;;;;;0;0;0;Tower Princess;0
2026-06-06;Dia 2;TOP_GLOBAL;#208QY20P;Dragon King;2500;4;#9U82JJ0Y;TheAddictedOnes;3;10305;12;0;Royal Recruits, Magic Archer, Goblin Cage, Royal Hogs, Zappies, Barbarian Barrel, Electro Spirit, Arrows;RangeBattle;Witch, Knight, Baby Dragon, Golem, Vines, Minions, Mini P.E.K.K.A, Zap;RangeBattle;Royal Giant, Goblins, Royal Ghost, Lightning, Hunter, Fisherman, Ice Spirit, The Log;Duelo;Valkyrie, Balloon, Inferno Dragon, Giant Snowball, Skeleton Dragons, Guards, Fireball, Lava Hound;Duelo;3;1;800;Tower Princess;3
2026-06-06;Dia 2;TOP_GLOBAL;#8LLQL80G;NIPOFPLATINUM;2500;5;#9U82JJ0Y;TheAddictedOnes;3;10305;12;0;Valkyrie, Lava Hound, Zap, Miner, Spirit Empress, Vines, Minions, Tombstone;RangeBattle;Giant Snowball, Giant, Bowler, Poison, Bats, Mini P.E.K.K.A, Witch, Graveyard;RangeBattle;Royal Hogs, Golden Knight, Goblin Cage, Barbarian Barrel, Zappies, Arrows, Royal Recruits, Flying Machine;Duelo;Cannon, Mighty Miner, Furnace, Goblins, Lightning, Electro Spirit, The Log, Hog Rider;Duelo;4;0;900;Tower Princess;3
2026-06-06;Dia 2;#2QR292P;#UYJ0YGYP;amir.cr7;2500;1;#99V9V22C;IRAN SOLID;3;2488;12;0;Firecracker, Musketeer, Dart Goblin, Mini P.E.K.K.A, Electro Giant, Cannon Cart, Wall Breakers, Minions;RangeBattle;Mega Knight, Wizard, Valkyrie, Balloon, Tesla, Royal Delivery, Rage, Goblin Gang;RangeBattle;Witch, Knight, Electro Dragon, Royal Giant, Bowler, The Log, Cannon, Goblin Barrel;Duelo;P.E.K.K.A, Zap, Executioner, Fireball, Hog Rider, Electro Wizard, Bandit, Royal Ghost;Duelo;4;0;900;Tower Princess;3
2026-06-06;Dia 2;TOP_GLOBAL;#22CUVRCC;完成体❟❛❟Susanoo;2600;3;#L9VRJ;Calalas España;1;5105;12;0;Valkyrie, Barbarian Barrel, Wizard, Zappies, Bowler, Tornado, Freeze, Graveyard;RangeBattle;Mega Knight, Goblinstein, Firecracker, Goblin Barrel, Arrows, Goblin Gang, Prince, Bandit;RangeBattle;Royal Giant, Skeleton King, Witch, Tombstone, The Log, Lightning, Fisherman, Electro Spirit;Duelo;P.E.K.K.A, Dark Prince, Bomber, Electro Wizard, Zap, Fireball, Magic Archer, Battle Ram;Duelo;4;0;900;Tower Princess;3
2026-06-06;Dia 2;TOP_GLOBAL;#20GQ9RLUJ;CAL Xervo;2600;4;#L9VRJ;Calalas España;1;5105;12;0;Firecracker, Ice Golem, Skeletons, Ice Spirit, Hog Rider, Earthquake, The Log, Bomb Tower;RangeBattle;Royal Recruits, Barbarian Barrel, Royal Hogs, Fireball, Arrows, Zappies, Flying Machine, Goblin Cage;Duelo;Goblin Barrel, Goblins, Dart Goblin, Knight, Cannon, Giant Snowball, Rocket, Fire Spirit;Duelo;Archers, Bats, Goblin Giant, Sparky, Dark Prince, Mini P.E.K.K.A, Rage, Elixir Collector;Duelo;3;0;700;Tower Princess;2
2026-06-06;Dia 2;TOP_GLOBAL;#28Y9CRV2;!DKT✨Jonathan;2600;5;#L9VRJ;Calalas España;1;5105;12;0;Baby Dragon, Mega Minion, Zap, Lava Hound, Miner, Skeletons, Lightning, Dark Prince;RangeBattle;Giant Snowball, Goblins, Tesla, Knight, Goblin Drill, Poison, Fire Spirit, Bomber;RangeBattle;Royal Hogs, Magic Archer, Royal Ghost, Berserker, Electro Spirit, The Log, Goblin Hut, Fireball;Duelo;Mortar, Barbarian Barrel, Minion Horde, Arrows, Guards, Cannon Cart, Valkyrie, Ice Spirit;Duelo;4;0;900;Tower Princess;3
2026-06-06;Dia 2;TOP_GLOBAL;#8LQRUGY29;MuK｜⚡DJANGO⚡;2600;5;#8UJ2UUJ8;#MuUuKaNs!!;2;10305;12;0;Royal Hogs, Electro Spirit, Goblin Cage, Fireball, Royal Recruits, Bomber, Zappies, Flying Machine;RangeBattle;Inferno Dragon, Bowler, Electro Dragon, Balloon, Barbarian Barrel, Tornado, Freeze, Lumberjack;RangeBattle;Mega Knight, Archer Queen, Wall Breakers, Arrows, Bandit, Zap, Prince, Bats;Duelo;Ice Spirit, Knight, Goblin Barrel, Princess, The Log, Inferno Tower, Goblin Gang, Rocket;Duelo;3;1;800;Tower Princess;3
2026-06-06;Dia 2;TOP_GLOBAL;#908JRRCYQ;TheeSimulacrum;2600;1;#9U82JJ0Y;TheAddictedOnes;3;10305;12;0;Lumberjack, Mega Minion, Zap, Arrows, Bomber, Elite Barbarians, Golem, Night Witch;RangeBattle;Royal Hogs, Archer Queen, Cannon, Earthquake, Ice Spirit, Royal Delivery, Skeletons, The Log;RangeBattle;Mortar, Goblins, Skeleton Barrel, Barbarian Barrel, Cannon Cart, Fireball, Minions, Rascals;Duelo;Executioner, Golden Knight, Inferno Dragon, Bowler, Freeze, Graveyard, Tornado, Zappies;Duelo;4;0;900;Tower Princess;3
2026-06-06;Dia 2;TOP_GLOBAL;#CR0JUCC2;Don-Mehdi;2600;2;#9U82JJ0Y;TheAddictedOnes;3;10305;12;0;Firecracker, Mighty Miner, Tesla, Hog Rider, Skeletons, Electro Spirit, The Log, Earthquake;RangeBattle;Executioner, Golden Knight, Inferno Dragon, Zappies, Bowler, Tornado, Freeze, Graveyard;RangeBattle;Mortar, Goblins, Skeleton Barrel, Cannon Cart, Rascals, Minions, Barbarian Barrel, Fireball;Duelo;Battle Ram, Magic Archer, Royal Ghost, Electro Wizard, Bandit, P.E.K.K.A, Zap, Poison;Duelo;4;0;900;Tower Princess;3
2026-06-06;Dia 2;TOP_GLOBAL;#VQ8U2C82;easy mdr de ouf;2600;4;#9LVQLR;Band of Adultes;5;10305;12;0;Valkyrie, Wizard, Dark Prince, Guards, Lightning, Hog Rider, The Log, Furnace;RangeBattle;Goblin Drill, Knight, Bowler, Goblin Demolisher, Poison, Tesla, Tornado, Giant Snowball;RangeBattle;Royal Giant, Skeleton King, Witch, Barbarian Barrel, Zappies, Fireball, Tombstone, Fisherman;Duelo;Inferno Dragon, Balloon, Skeleton Army, Bats, Giant Skeleton, Baby Dragon, Arrows, Freeze;Duelo;4;0;900;Tower Princess;3
2026-06-06;Dia 2;TOP_GLOBAL;#29PGJCV28;bibi77;2600;5;#9LVQLR;Band of Adultes;5;10305;12;0;Lumberjack, Bowler, Inferno Dragon, Balloon, Freeze, Barbarian Barrel, Tornado, Baby Dragon;RangeBattle;Royal Ghost, Magic Archer, Battle Ram, Fireball, Bandit, Zap, Electro Wizard, P.E.K.K.A;RangeBattle;Royal Giant, Skeleton King, Hunter, Lightning, Fisherman, Electro Spirit, Tombstone, Arrows;Duelo;Firecracker, Knight, Ice Spirit, Goblin Gang, The Log, Bomb Tower, Hog Rider, Earthquake;Duelo;3;1;800;Tower Princess;3
2026-06-06;Dia 2;TOP_GLOBAL;#2JQURPC0;IceTiger;2700;1;#L9VRJ;Calalas España;1;5105;12;0;Mega Knight, Musketeer, Valkyrie, Arrows, Goblin Hut, Goblin Barrel, Goblin Gang, Bats;RangeBattle;Knight, Barbarian Barrel, Baby Dragon, Bowler, Graveyard, Ice Wizard, Poison, Tornado;RangeBattle;Archers, Fireball, Firecracker, Royal Hogs, Mother Witch, P.E.K.K.A, Zap, Dark Prince;Duelo;Royal Giant, Skeleton King, Wizard, The Log, Lightning, Fisherman, Electro Spirit, Tombstone;Duelo;4;0;900;Tower Princess;3
2026-06-06;Dia 2;TOP_GLOBAL;#LVCY80G2;Madara❟❛❟Uchiha;2700;2;#L9VRJ;Calalas España;1;5105;12;0;Wizard, Bowler, Knight, Tornado, Inferno Dragon, Goblin Gang, Graveyard, Freeze;RangeBattle;Royal Recruits, Fireball, Firecracker, Flying Machine, Royal Hogs, Arrows, Goblin Cage, Zappies;RangeBattle;Royal Giant, Skeleton King, Witch, Barbarian Barrel, Tombstone, Electro Spirit, Fisherman, Lightning;Duelo;P.E.K.K.A, Magic Archer, Bomber, Bandit, Electro Wizard, Poison, Battle Ram, Zap;Duelo;4;0;900;Tower Princess;3
2026-06-06;Dia 2;TOP_GLOBAL;#J8LJU2PPJ;MuK｜Zlatan 2 ⚡️;2700;1;#8UJ2UUJ8;#MuUuKaNs!!;2;10305;12;0;Bomber, Dark Prince, Goblin Cage, Phoenix, Tornado, Lightning, Barbarian Barrel, Electro Giant;RangeBattle;Mega Knight, Archer Queen, Bats, Wall Breakers, Bandit, Prince, Zap, Miner;RangeBattle;Firecracker, Mighty Miner, Goblins, Ice Spirit, The Log, Earthquake, Bomb Tower, Hog Rider;Duelo;Electro Dragon, Elixir Golem, Inferno Dragon, Battle Healer, Rage, Arrows, Elite Barbarians, Mirror;Duelo;4;0;900;Tower Princess;3
2026-06-06;Dia 2;TOP_GLOBAL;#CJ9G8PPPY;MuK｜⚡MiniAlex™⚡;2700;2;#8UJ2UUJ8;#MuUuKaNs!!;2;10305;12;0;Valkyrie, Goblins, Executioner, Ice Spirit, Hog Rider, Rocket, Tornado, The Log;RangeBattle;Royal Giant, Wizard, Royal Ghost, Skeletons, Fireball, Fisherman, Barbarian Barrel, Electro Spirit;RangeBattle;Mega Knight, Archer Queen, Bats, Wall Breakers, Prince, Bandit, Goblin Gang, Arrows;Duelo;Goblin Giant, Mini P.E.K.K.A, Zap, Rage, Minions, Mother Witch, Sparky, Dark Prince;Duelo;4;0;900;Tower Princess;3
2026-06-06;Dia 2;TOP_GLOBAL;#PGYPP0C8;MuK｜⚡MiniMazz⚡;2700;3;#8UJ2UUJ8;#MuUuKaNs!!;2;10305;12;0;Barbarians, Mega Minion, Zap, Fireball, Lava Hound, Balloon, Skeleton Dragons, Tombstone;RangeBattle;Royal Recruits, Barbarian Barrel, Archers, Poison, Goblin Cage, Zappies, Flying Machine, Royal Hogs;RangeBattle;Goblin Giant, Mini P.E.K.K.A, Knight, Arrows, Electro Wizard, Rage, Minions, Sparky;Duelo;Firecracker, Mighty Miner, Tesla, Skeletons, The Log, Earthquake, Ice Spirit, Hog Rider;Duelo;4;0;900;Tower Princess;3
2026-06-06;Dia 2;TOP_GLOBAL;#2G8LR0CQL;MuK｜⚡Dani ❤ 스팸⚡;2700;4;#8UJ2UUJ8;#MuUuKaNs!!;2;10305;12;0;Valkyrie, Goblinstein, Goblin Cage, Barbarian Barrel, Graveyard, Ice Wizard, Poison, Guards;RangeBattle;Tesla, Goblins, Musketeer, Ice Spirit, Giant Skeleton, Earthquake, Hog Rider, Giant Snowball;RangeBattle;Mega Knight, Archer Queen, Wall Breakers, Prince, Bandit, Goblin Gang, Arrows, Bats;Duelo;Royal Ghost, Golden Knight, Battle Ram, P.E.K.K.A, Electro Wizard, Minions, Fireball, Zap;Duelo;4;0;900;Tower Princess;3
2026-06-06;Dia 2;TOP_GLOBAL;#Q89UV8VU;Dodox;2700;1;#9LVQLR;Band of Adultes;5;10305;12;0;Firecracker, Graveyard, Furnace, Berserker, Arrows, Giant Skeleton, Goblin Hut, Poison;RangeBattle;Goblin Cage, Golden Knight, Royal Hogs, Royal Recruits, Fireball, Zappies, Barbarian Barrel, Flying Machine;RangeBattle;Electro Dragon, Golem, Inferno Dragon, Lumberjack, Battle Healer, Barbarians, Tornado, Elixir Collector;Duelo;Bats, Skeleton King, Skeletons, Elixir Golem, Lightning, Night Witch, Phoenix, The Log;Duelo;4;0;900;Tower Princess;3
2026-06-06;Dia 2;TOP_GLOBAL;#9GPR8R98;Games90;2700;2;#9LVQLR;Band of Adultes;5;10305;12;0;;;;;;;;;0;0;0;Tower Princess;0
2026-06-06;Dia 2;TOP_GLOBAL;#88U20820U;TuRkoErTan66;2700;3;#9LVQLR;Band of Adultes;5;10305;12;0;Royal Giant, Barbarian Barrel, Royal Ghost, Hunter, Fireball, Skeletons, Electro Spirit, Fisherman;RangeBattle;Inferno Dragon, Ice Golem, Bowler, Skeleton Dragons, Tornado, Freeze, Goblin Cage, Graveyard;Duelo;Royal Hogs, Archer Queen, Tesla, Earthquake, Ice Spirit, Goblins, Royal Delivery, The Log;Duelo;Giant Snowball, Mighty Miner, Cannon, Bomber, Goblin Drill, Bats, Guards, Fire Spirit;RangeBattle;4;0;900;Tower Princess;3
