data,nome_oponente,tag_oponente,nivel_oponente,trofes_oponente,clan_oponente,resultado,coroas_jogador,coroas_oponente,mudanca_trofes,modo_jogo,tipo_batalha,arena,deck_jogador,deck_oponente,vezes_enfrentado
28/12/2025 18:28,ömer,#UJ8YJRGL,0,0,azıjlar12,Vitoria,2,1,0,Showdown_Friendly,trail,Legendary Arena,Barbarian Barrel | Dart Goblin | Goblin Gang | Ice Spirit | Lightning | Musketeer | Royal Recruits | Skeleton Barrel,Cannon | Fireball | Hog Rider | Ice Golem | Ice Spirit | Musketeer | Skeletons | The Log,1
28/12/2025 18:11,Utonium,#2R2LJ2PCY,0,0,King of Dead,Vitoria,2,1,0,Showdown_Friendly,trail,Legendary Arena,Barbarian Barrel | Dart Goblin | Goblin Gang | Ice Spirit | Lightning | Musketeer | Royal Recruits | Skeleton Barrel,Executioner | Hog Rider | Ice Golem | P.E.K.K.A | Skeletons | Tornado | Vines | Void,1
28/12/2025 14:54,Black Spider,#CL8VCVCJ,0,0,!GermanGamers!,Derrota,0,3,0,Showdown_Friendly,trail,Legendary Arena,Barbarian Barrel | Dart Goblin | Goblin Gang | Ice Spirit | Lightning | Musketeer | Royal Recruits | Skeleton Barrel,Berserker | Electro Spirit | Goblin Hut | Golden Knight | Lightning | Skeleton Barrel | The Log | Witch,1
28/12/2025 14:45,Camilo,#YY282PJ2,0,0,CLASH COLOMBIA,Vitoria,3,0,0,Showdown_Friendly,trail,Legendary Arena,Barbarian Barrel | Dart Goblin | Goblin Gang | Ice Spirit | Lightning | Musketeer | Royal Recruits | Skeleton Barrel,Arrows | Bats | Hog Rider | P.E.K.K.A | Tornado | Valkyrie | Witch | Zap,1
28/12/2025 14:39,der Partylöwe,#2UPLJJV8C,0,0,ONLY PITUCOS,Vitoria,1,0,0,Showdown_Friendly,trail,Legendary Arena,Barbarian Barrel | Dart Goblin | Goblin Gang | Ice Spirit | Lightning | Musketeer | Royal Recruits | Skeleton Barrel,Cannon Cart | Electro Spirit | Giant Skeleton | Goblin Gang | Goblin Hut | Skeleton Barrel | Vines | Witch,1
27/12/2025 23:45,Grumpy Lin,#8208VRQL,0,0,Sun Sparkles,Vitoria,3,0,0,Showdown_Friendly,trail,Legendary Arena,Barbarian Barrel | Dart Goblin | Goblin Gang | Ice Spirit | Lightning | Musketeer | Royal Recruits | Skeleton Barrel,Arrows | Freeze | Graveyard | Ice Golem | Inferno Tower | Lightning | Three Musketeers | Valkyrie,1
27/12/2025 23:17,liudacris,#LR2909R2,0,0,SF Reign,Derrota,0,3,0,Showdown_Friendly,trail,Legendary Arena,Barbarian Barrel | Dart Goblin | Goblin Gang | Ice Spirit | Lightning | Musketeer | Royal Recruits | Skeleton Barrel,Dark Prince | Elixir Collector | Giant | Heal Spirit | Mini P.E.K.K.A | Rage | Witch | Zap,1
27/12/2025 23:15,Meddler,#R8JY0L2PQ,0,0,Uzbek sila,Vitoria,3,0,0,Showdown_Friendly,trail,Legendary Arena,Barbarian Barrel | Dart Goblin | Goblin Gang | Ice Spirit | Lightning | Musketeer | Royal Recruits | Skeleton Barrel,Archer Queen | Berserker | Goblin Giant | Goblin Hut | Royal Ghost | Spirit Empress | Tornado | Wall Breakers,1
27/12/2025 23:11,spotlite,#8Y8Y2JVRP,0,0,Romania,Vitoria,1,0,0,Showdown_Friendly,trail,Legendary Arena,Barbarian Barrel | Dart Goblin | Goblin Gang | Ice Spirit | Lightning | Musketeer | Royal Recruits | Skeleton Barrel,Arrows | Bats | Hog Rider | Ice Wizard | Mega Knight | Princess | Skeleton Army | Wizard,1
27/12/2025 23:08,TIKOZGZ,#J929UP2PC,0,0,zaragoza,Derrota,0,2,0,Showdown_Friendly,trail,Legendary Arena,Barbarian Barrel | Dart Goblin | Goblin Gang | Ice Spirit | Lightning | Musketeer | Royal Recruits | Skeleton Barrel,Baby Dragon | Fireball | Firecracker | Inferno Tower | Mega Knight | Royal Hogs | Skeleton Army | Valkyrie,1
27/12/2025 23:03,CHN丨Arthur✨,#8PRYC9QLR,0,0,硬中华 Academy,Vitoria,3,2,0,Showdown_Friendly,trail,Legendary Arena,Barbarian Barrel | Dart Goblin | Goblin Gang | Ice Spirit | Lightning | Musketeer | Royal Recruits | Skeleton Barrel,Dark Prince | Elixir Collector | Giant | Heal Spirit | Mini P.E.K.K.A | Rage | Witch | Zap,1
27/12/2025 14:05,ことは,#V9VQVQU,0,0,堅牢ゴーレム愛好会,Derrota,0,1,0,Showdown_Friendly,trail,Legendary Arena,Barbarian Barrel | Dart Goblin | Goblin Gang | Ice Spirit | Lightning | Musketeer | Royal Recruits | Skeleton Barrel,Bats | Dart Goblin | Fire Spirit | Goblin Curse | Ice Golem | Mini P.E.K.K.A | Skeletons | The Log,1
27/12/2025 02:22,⭐SKR21⭐,#8L9P0QJPC,0,0,ABUTRES,Vitoria,2,0,0,Showdown_Friendly,trail,Legendary Arena,Barbarian Barrel | Dart Goblin | Goblin Gang | Ice Spirit | Lightning | Musketeer | Royal Recruits | Skeleton Barrel,Goblin Curse | Golden Knight | Golem | Mini P.E.K.K.A | Skeletons | The Log | Tombstone | Witch,1
26/12/2025 20:40,gigapowerr,#2Y0YJVP9R,0,0,#MELANKOLIA#,Vitoria,3,0,0,Showdown_Friendly,trail,Legendary Arena,Barbarian Barrel | Dart Goblin | Goblin Gang | Ice Spirit | Lightning | Musketeer | Royal Recruits | Skeleton Barrel,Arrows | Bomber | Dark Prince | Elixir Golem | Knight | Royal Hogs | Skeleton Barrel | Wizard,1
26/12/2025 20:19,HULK,#2UP2UQJUU,0,0,Adinath club BU,Vitoria,1,0,0,Showdown_Friendly,trail,Legendary Arena,Barbarian Barrel | Dart Goblin | Goblin Gang | Ice Spirit | Lightning | Musketeer | Royal Recruits | Skeleton Barrel,Arrows | Cannon | Hog Rider | Mega Knight | Musketeer | Prince | Valkyrie | Witch,1
26/12/2025 18:53,もりたつ,#GUYJR88JY,0,0,ちょこたつTV,Derrota,0,1,0,Showdown_Friendly,trail,Legendary Arena,Barbarian Barrel | Dart Goblin | Goblin Gang | Ice Spirit | Lightning | Musketeer | Royal Recruits | Skeleton Barrel,Fire Spirit | Giant Snowball | Goblin Demolisher | Goblin Drill | Guards | Knight | Poison | Tesla,1
26/12/2025 16:30,Leo 9,#UPG9VGR2,0,0,españa,Vitoria,3,0,0,Showdown_Friendly,trail,Legendary Arena,Barbarian Barrel | Dart Goblin | Goblin Gang | Ice Spirit | Lightning | Musketeer | Royal Recruits | Skeleton Barrel,Cannon | Fireball | Hog Rider | Ice Golem | Ice Spirit | Musketeer | Skeletons | The Log,1
26/12/2025 16:28,kulfon,#V2RCPGGV0,0,0,ArcyMistrze,Vitoria,1,0,0,Showdown_Friendly,trail,Legendary Arena,Barbarian Barrel | Dart Goblin | Goblin Gang | Ice Spirit | Lightning | Musketeer | Royal Recruits | Skeleton Barrel,Electro Spirit | Fisherman | Freeze | Hog Rider | Little Prince | Minion Horde | Royal Recruits | Rune Giant,1
26/12/2025 16:23,Spartan9807,#8UL8LJUJ,0,0,La Quenelle,Vitoria,3,0,0,Showdown_Friendly,trail,Legendary Arena,Barbarian Barrel | Dart Goblin | Goblin Gang | Ice Spirit | Lightning | Musketeer | Royal Recruits | Skeleton Barrel,Dart Goblin | Firecracker | Giant | Goblin Gang | Mini P.E.K.K.A | Monk | The Log | Tornado,1
26/12/2025 16:21,Ltaco94,#800RPC8J,0,0,AMOL2,Vitoria,3,0,0,Showdown_Friendly,trail,Legendary Arena,Barbarian Barrel | Dart Goblin | Goblin Gang | Ice Spirit | Lightning | Musketeer | Royal Recruits | Skeleton Barrel,Arrows | Earthquake | Giant Snowball | Mirror | Rage | The Log | Vines | Zap,1
26/12/2025 16:19,xiall,#R9G8UR0CY,0,0,BẢNG PHONG THẦN,Derrota,0,3,0,Showdown_Friendly,trail,Legendary Arena,Barbarian Barrel | Dart Goblin | Goblin Gang | Ice Spirit | Lightning | Musketeer | Royal Recruits | Skeleton Barrel,Barbarian Barrel | Boss Bandit | Electro Wizard | Flying Machine | Mother Witch | P.E.K.K.A | Vines | Witch,1
26/12/2025 15:54,hot-chili,#P9UQYPVPR,0,0,hikhakhok,Vitoria,1,0,0,Showdown_Friendly,trail,Legendary Arena,Barbarian Barrel | Dart Goblin | Goblin Gang | Ice Spirit | Lightning | Musketeer | Royal Recruits | Skeleton Barrel,Barbarian Barrel | Cannon | Electro Spirit | Firecracker | Goblin Barrel | Goblins | Knight | Skeleton Barrel,1
26/12/2025 13:58,国际老张,#VP9QUYR2C,0,0,抗倭根据地,Derrota,1,2,0,Showdown_Friendly,trail,Legendary Arena,Barbarian Barrel | Dart Goblin | Goblin Gang | Ice Spirit | Lightning | Musketeer | Royal Recruits | Skeleton Barrel,Bandit | Battle Ram | Electro Wizard | Fireball | Magic Archer | P.E.K.K.A | Royal Ghost | Zap,1
26/12/2025 13:12,embruix,#2QYY0Y2RQ,0,0,los molineros,Vitoria,3,0,0,Showdown_Friendly,trail,Legendary Arena,Barbarian Barrel | Dart Goblin | Goblin Gang | Ice Spirit | Lightning | Musketeer | Royal Recruits | Skeleton Barrel,Executioner | Goblin Barrel | Goblin Gang | Hog Rider | P.E.K.K.A | Valkyrie | Wizard | Zap,1
26/12/2025 13:11,ŶДҜцŽД(×_×)™,#P2CCPRUP0,0,0,TROPA DO MANCA,Derrota,0,1,0,Showdown_Friendly,trail,Legendary Arena,Barbarian Barrel | Dart Goblin | Goblin Gang | Ice Spirit | Lightning | Musketeer | Royal Recruits | Skeleton Barrel,Bats | Boss Bandit | Goblin Gang | Inferno Dragon | Mega Knight | Miner | Spear Goblins | Vines,1
26/12/2025 13:02,*Ali*,#P2GJPCQLQ,0,0,AFG,Derrota,0,3,0,Showdown_Friendly,trail,Legendary Arena,Barbarian Barrel | Dart Goblin | Goblin Gang | Ice Spirit | Lightning | Musketeer | Royal Recruits | Skeleton Barrel,Arrows | Electro Dragon | Goblin Gang | Hog Rider | Mega Knight | Night Witch | Skeleton Barrel | Vines,1
26/12/2025 12:59,Nidal Alharare,#2YGJYLJCY,0,0,#Rockets,Derrota,0,3,0,Showdown_Friendly,trail,Legendary Arena,Barbarian Barrel | Dart Goblin | Goblin Gang | Ice Spirit | Lightning | Musketeer | Royal Recruits | Skeleton Barrel,Barbarian Barrel | Electro Spirit | Fireball | Fisherman | Hunter | Royal Ghost | Royal Giant | Skeletons,1
26/12/2025 12:56,THE RED LOBSTER,#GU28YPC,0,0,! Wolkig mit...,Derrota,0,3,0,Showdown_Friendly,trail,Legendary Arena,Barbarian Barrel | Dart Goblin | Goblin Gang | Ice Spirit | Lightning | Musketeer | Royal Recruits | Skeleton Barrel,Arrows | Bats | Executioner | Flying Machine | Goblin Giant | Knight | Mega Knight | Valkyrie,1
26/12/2025 12:53,<c4>cl cool,#8PRQV2RL9,0,0,clan leon,Derrota,0,3,0,Showdown_Friendly,trail,Legendary Arena,Barbarian Barrel | Dart Goblin | Goblin Gang | Ice Spirit | Lightning | Musketeer | Royal Recruits | Skeleton Barrel,Bandit | Barbarian Barrel | Executioner | Goblin Barrel | Goblin Gang | Hog Rider | Mini P.E.K.K.A | Wizard,1
26/12/2025 12:52,Axel,#GQ2LC9908,0,0,CDP OFICIAL,Derrota,0,3,0,Showdown_Friendly,trail,Legendary Arena,Barbarian Barrel | Dart Goblin | Goblin Gang | Ice Spirit | Lightning | Musketeer | Royal Recruits | Skeleton Barrel,Arrows | Berserker | Bomber | Dart Goblin | Electro Spirit | Fire Spirit | Giant Skeleton | Little Prince,1
26/12/2025 12:50,BiGWiG,#GUYYCUP89,0,0,Baumwollpflüker,Vitoria,3,0,0,Showdown_Friendly,trail,Legendary Arena,Barbarian Barrel | Dart Goblin | Goblin Gang | Ice Spirit | Lightning | Musketeer | Royal Recruits | Skeleton Barrel,Arrows | Baby Dragon | Cannon Cart | Goblin Barrel | Heal Spirit | Knight | Rocket | Skeleton Barrel,1
26/12/2025 12:49,Näkki,#8PUR2VPU,0,0,Valkyrie Lovers,Vitoria,3,0,0,Showdown_Friendly,trail,Legendary Arena,Barbarian Barrel | Dart Goblin | Goblin Gang | Ice Spirit | Lightning | Musketeer | Royal Recruits | Skeleton Barrel,Electro Giant | Freeze | Giant Snowball | Ice Golem | Ice Wizard | Miner | Rocket | Tesla,1
26/12/2025 01:35,Satuu7”m,#8Y0GR9CQ0,0,1742,sentonefc,Vitoria,3,0,0,Ladder_TeamVsTeam,trail,Competitive,Barbarian Barrel | Dart Goblin | Goblin Gang | Ice Spirit | Lightning | Musketeer | Royal Recruits | Skeleton Barrel,Goblin Barrel | Goblin Gang | Ice Spirit | Mini P.E.K.K.A | Princess | Rocket | Tesla | The Log,1
26/12/2025 01:34,ChorizoZ322,#PV99QUCVY,0,1763,Guerreros Z,Vitoria,2,1,0,Ladder_TeamVsTeam,trail,Competitive,Barbarian Barrel | Dart Goblin | Goblin Gang | Ice Spirit | Lightning | Musketeer | Royal Recruits | Skeleton Barrel,Elite Barbarians | Firecracker | Goblin Barrel | Magic Archer | Skeleton Army | Skeleton King | The Log | Wizard,1
26/12/2025 01:29,flo,#R9CPG80L2,0,10411,French_troopers,Vitoria,1,0,0,CW_Battle_1v1,riverRacePvP,Royal Road,Barbarian Barrel | Dart Goblin | Goblin Gang | Lightning | Lumberjack | Musketeer | Royal Recruits | Skeleton Barrel,Executioner | Flying Machine | Freeze | Mega Knight | Minions | Prince | Royal Recruits | Spear Goblins,1
26/12/2025 01:26,Sidyu,#2J9GRJPJU,0,10148,Iberian Clash,Vitoria,2,1,0,CW_Battle_1v1,riverRacePvP,Royal Road,Archer Queen | Arrows | Bomber | Goblin Curse | Goblin Giant | P.E.K.K.A | Rage | Skeleton King,Bandit | Barbarian Barrel | Bats | Battle Ram | Electro Wizard | Executioner | Princess | Zap,1
26/12/2025 00:30,Aoki,#80UCGCY9G,0,10032,BLACK FLAG,Derrota,0,1,0,CW_Battle_1v1,riverRacePvP,Royal Road,Firecracker | Goblin Demolisher | Goblin Hut | Golden Knight | Golem | Mega Knight | Princess | Witch,Bomb Tower | Dart Goblin | Fireball | Mega Knight | Skeleton Barrel | Skeleton Dragons | Skeleton King | Zap,1
26/12/2025 00:19,Salty,#JYVGPGYRQ,0,10678,THE KINGSMEN,Derrota,0,3,0,CW_Battle_1v1,riverRacePvP,Royal Road,Electro Spirit | Fisherman | Hunter | Royal Ghost | Royal Giant | Royal Hogs | Skeletons | Zappies,Cannon | Guards | Hunter | Knight | Musketeer | Ram Rider | The Log | Witch,1
25/12/2025 23:59,Cristhian 伊莎贝尔,#2LUYJJQGC,0,1745,Star⭐Team,Vitoria,3,0,0,Ladder_TeamVsTeam,trail,Competitive,Barbarian Barrel | Dart Goblin | Goblin Gang | Ice Spirit | Lightning | Musketeer | Royal Recruits | Skeleton Barrel,Arrows | Executioner | Fireball | Lightning | Mirror | P.E.K.K.A | Tornado | Zap,1
25/12/2025 23:06,鞥歐誒｜⚜️RaYaN♠️.,#PQ2QVC9PP,0,1693,Sem cla,Vitoria,2,1,0,Ladder_TeamVsTeam,trail,Competitive,Barbarian Barrel | Dart Goblin | Goblin Gang | Ice Spirit | Lightning | Musketeer | Royal Recruits | Skeleton Barrel,Cannon | Fireball | Hog Rider | Ice Golem | Ice Spirit | Musketeer | Skeletons | The Log,1
25/12/2025 22:54,cPapuMisterioso,#QY9JCJJJ9,0,0,' Tėam Pokėr ²⁰,Vitoria,1,0,0,Showdown_Friendly,trail,Legendary Arena,Barbarian Barrel | Dart Goblin | Goblin Gang | Ice Spirit | Lightning | Musketeer | Royal Recruits | Skeleton Barrel,Archers | Elixir Collector | Fireball | Knight | Skeletons | Tesla | The Log | X-Bow,1
25/12/2025 22:33,Wabit,#GRLGUGQ0,0,0,Sem cla,Vitoria,1,0,0,Showdown_Friendly,trail,Legendary Arena,Barbarian Barrel | Dart Goblin | Goblin Gang | Ice Spirit | Lightning | Musketeer | Royal Recruits | Skeleton Barrel,Dart Goblin | Goblin Barrel | Goblin Curse | Goblin Gang | Goblin Giant | Goblin Machine | Goblinstein | Spear Goblins,1
25/12/2025 21:06,Frank08,#LLYJCL2L,0,0,mini bombarolo,Vitoria,1,0,0,Showdown_Friendly,trail,Legendary Arena,Barbarian Barrel | Dart Goblin | Goblin Gang | Ice Spirit | Lightning | Musketeer | Royal Recruits | Skeleton Barrel,Executioner | Fire Spirit | Goblin Giant | Mighty Miner | Mirror | Rage | Skeleton Army | Skeletons,1
25/12/2025 19:48,ye,#GJLPVPPPC,0,0,YEEZY,Derrota,0,1,0,Showdown_Friendly,trail,Legendary Arena,Barbarian Barrel | Dart Goblin | Goblin Gang | Ice Spirit | Lightning | Musketeer | Royal Recruits | Skeleton Barrel,Executioner | Mini P.E.K.K.A | Mirror | Royal Ghost | Royal Hogs | Skeleton Army | Tesla | The Log,1
25/12/2025 16:57,TURÍS,#P0R0LLP2V,0,0,Sem cla,Vitoria,2,1,0,Showdown_Friendly,trail,Legendary Arena,Barbarian Barrel | Dart Goblin | Goblin Gang | Ice Spirit | Lightning | Musketeer | Royal Recruits | Skeleton Barrel,Arrows | Balloon | Barbarian Barrel | Bats | Lumberjack | Mega Minion | Musketeer | Tombstone,1
25/12/2025 16:54,orsetto,#C8J8R0UP,0,0,Collamato Beach,Derrota,1,3,0,Showdown_Friendly,trail,Legendary Arena,Barbarian Barrel | Dart Goblin | Goblin Gang | Ice Spirit | Lightning | Musketeer | Royal Recruits | Skeleton Barrel,Arrows | Battle Healer | Electro Dragon | Elixir Collector | Golem | Lumberjack | Phoenix | Tornado,1
25/12/2025 16:50,kratos,#982CYQQGR,0,0,YT: YoSoyRick,Derrota,0,1,0,Showdown_Friendly,trail,Legendary Arena,Barbarian Barrel | Dart Goblin | Goblin Gang | Ice Spirit | Lightning | Musketeer | Royal Recruits | Skeleton Barrel,Arrows | Dart Goblin | Goblin Gang | Royal Recruits | Skeleton Barrel | Tesla | Wall Breakers | Wizard,1
25/12/2025 16:47,ヨシ☆IKZO,#2PV890QGL,0,0,大阪おっちゃんクラブ,Derrota,0,1,0,Showdown_Friendly,trail,Legendary Arena,Barbarian Barrel | Dart Goblin | Goblin Gang | Ice Spirit | Lightning | Musketeer | Royal Recruits | Skeleton Barrel,Arrows | Bomb Tower | Fireball | Inferno Tower | Magic Archer | Monk | Ram Rider | Royal Recruits,1
25/12/2025 16:40,TheLast_Adrian,#2C8C99YQP,0,0,tilines_pro_gg,Vitoria,2,1,0,Showdown_Friendly,trail,Legendary Arena,Barbarian Barrel | Dart Goblin | Goblin Gang | Ice Spirit | Lightning | Musketeer | Royal Recruits | Skeleton Barrel,Cannon | Earthquake | Ice Spirit | Musketeer | Royal Delivery | Royal Hogs | Skeletons | The Log,1
25/12/2025 16:35,Sladky,#2808GGV82,0,0,Psalm 144:1,Derrota,0,3,0,Showdown_Friendly,trail,Legendary Arena,Barbarian Barrel | Dart Goblin | Goblin Gang | Ice Spirit | Lightning | Musketeer | Royal Recruits | Skeleton Barrel,Dart Goblin | Fire Spirit | Ice Spirit | Royal Ghost | Skeletons | Suspicious Bush | The Log | Wall Breakers,1
25/12/2025 16:32,T'Challa,#9CGGUYRLP,0,0,NOVA ERA CITY2,Derrota,0,3,0,Showdown_Friendly,trail,Legendary Arena,Barbarian Barrel | Dart Goblin | Goblin Gang | Ice Spirit | Lightning | Musketeer | Royal Recruits | Skeleton Barrel,Balloon | Bats | Boss Bandit | Clone | Giant Skeleton | Inferno Dragon | Mega Knight | Wizard,1
25/12/2025 16:29,jen mi du 13,#90CVLUC9,0,0,francis zgueg,Vitoria,2,1,0,Showdown_Friendly,trail,Legendary Arena,Barbarian Barrel | Dart Goblin | Goblin Gang | Ice Spirit | Lightning | Musketeer | Royal Recruits | Skeleton Barrel,Arrows | Electro Spirit | Flying Machine | Goblin Cage | Musketeer | Royal Hogs | Royal Recruits | Valkyrie,1
25/12/2025 14:44,ser samuele,#CRGVRUQ,0,0,*CircoErrante*,Vitoria,3,0,0,Showdown_Friendly,trail,Legendary Arena,Barbarian Barrel | Dart Goblin | Goblin Gang | Ice Spirit | Lightning | Musketeer | Royal Recruits | Skeleton Barrel,Baby Dragon | Battle Healer | Electro Dragon | Elixir Golem | Mini P.E.K.K.A | Royal Delivery | Skeletons | Tornado,1
25/12/2025 14:41,⚔️007⚔️,#8UCP2UPC,0,0,SPHYNX & NILE,Derrota,0,1,0,Showdown_Friendly,trail,Legendary Arena,Barbarian Barrel | Dart Goblin | Goblin Gang | Ice Spirit | Lightning | Musketeer | Royal Recruits | Skeleton Barrel,Arrows | Barbarian Barrel | Flying Machine | Goblin Cage | Golden Knight | Royal Hogs | Royal Recruits | Zappies,1
25/12/2025 14:37,YouMadBro?,#QGCU2PR,0,0,Flaming Alpha’s,Derrota,1,2,0,Showdown_Friendly,trail,Legendary Arena,Barbarian Barrel | Dart Goblin | Goblin Gang | Ice Spirit | Lightning | Musketeer | Royal Recruits | Skeleton Barrel,Barbarians | Fire Spirit | Fireball | Goblin Barrel | Miner | Minion Horde | Princess | Spear Goblins,1
25/12/2025 14:33,Aurélio@GT☆◇,#89CJCPRU9,0,0,Banzai l BR,Vitoria,2,1,0,Showdown_Friendly,trail,Legendary Arena,Barbarian Barrel | Dart Goblin | Goblin Gang | Ice Spirit | Lightning | Musketeer | Royal Recruits | Skeleton Barrel,Baby Dragon | Fireball | Flying Machine | Mega Minion | Mini P.E.K.K.A | P.E.K.K.A | Tornado | Witch,1
25/12/2025 02:29,Adriano,#8C0G9VUC,0,10876,Sem cla,Vitoria,3,0,29,Ladder,PvP,Royal Road,Barbarian Barrel | Dart Goblin | Goblin Gang | Lightning | Lumberjack | Musketeer | Royal Recruits | Skeleton Barrel,Dark Prince | Elite Barbarians | Furnace | Goblin Barrel | Goblin Gang | Ice Wizard | Sparky | Wizard,1
25/12/2025 01:41,challenger7777,#U9YJVL2U8,0,10824,Hevie,Vitoria,1,0,27,Ladder,PvP,Royal Road,Barbarian Barrel | Dart Goblin | Goblin Gang | Lightning | Lumberjack | Musketeer | Royal Recruits | Skeleton Barrel,Goblin Barrel | Goblin Gang | Inferno Tower | Princess | Rocket | Skeletons | The Log | Valkyrie,1
25/12/2025 01:37,tilin_777,#CPJULUJRP,0,10813,CALIDAD PERUANA,Vitoria,3,0,28,Ladder,PvP,Royal Road,Barbarian Barrel | Dart Goblin | Goblin Gang | Lightning | Lumberjack | Musketeer | Royal Recruits | Skeleton Barrel,Dart Goblin | Fire Spirit | Goblin Barrel | Ice Spirit | Mini P.E.K.K.A | Skeleton Barrel | The Log | Wall Breakers,1
25/12/2025 01:35,daddzilla,#9Q98Y0QQ,0,0,Jesus Warriors,Derrota,0,1,0,Showdown_Friendly,trail,Legendary Arena,Barbarian Barrel | Dart Goblin | Goblin Gang | Ice Spirit | Lightning | Musketeer | Royal Recruits | Skeleton Barrel,Arrows | Dart Goblin | Firecracker | Goblin Gang | Goblins | Mega Knight | Valkyrie | Wall Breakers,1
25/12/2025 00:35,Mathis,#2LPCPV0L,0,0,TEAM RIDZER,Vitoria,3,0,0,Showdown_Friendly,trail,Legendary Arena,Barbarian Barrel | Dart Goblin | Goblin Gang | Ice Spirit | Lightning | Musketeer | Royal Recruits | Skeleton Barrel,Cannon | Fireball | Hog Rider | Ice Spirit | Knight | Musketeer | Skeletons | The Log,1
25/12/2025 00:33,ᴸᶛᶜ‖ cesarⓊSJM⚡,#PYP89JGYP,0,0,No Mercy ✿,Vitoria,3,0,0,Showdown_Friendly,trail,Legendary Arena,Barbarian Barrel | Dart Goblin | Goblin Gang | Ice Spirit | Lightning | Musketeer | Royal Recruits | Skeleton Barrel,Bandit | Battle Ram | Electro Wizard | Fireball | Magic Archer | P.E.K.K.A | Royal Ghost | Zap,1
25/12/2025 00:32,kraunie,#UYJVPUGVY,0,0,The TVA,Vitoria,3,0,0,Showdown_Friendly,trail,Legendary Arena,Barbarian Barrel | Dart Goblin | Goblin Gang | Ice Spirit | Lightning | Musketeer | Royal Recruits | Skeleton Barrel,Electro Spirit | Fire Spirit | Fireball | Heal Spirit | Ice Spirit | Rocket | Skeletons | Zap,1
25/12/2025 00:26,RisingStar,#290RRLGVU,0,0,España,Derrota,0,1,0,Showdown_Friendly,trail,Legendary Arena,Barbarian Barrel | Dart Goblin | Goblin Gang | Ice Spirit | Lightning | Musketeer | Royal Recruits | Skeleton Barrel,Bandit | Electro Wizard | Musketeer | P.E.K.K.A | Ram Rider | Royal Ghost | Witch | Zap,1
25/12/2025 00:22,caleb❤️noskill,#CLYJLQJ2P,0,0,False Reality,Vitoria,2,1,0,Showdown_Friendly,trail,Legendary Arena,Barbarian Barrel | Dart Goblin | Goblin Gang | Ice Spirit | Lightning | Musketeer | Royal Recruits | Skeleton Barrel,Archer Queen | Cannon | Earthquake | Ice Spirit | Royal Delivery | Royal Hogs | Skeletons | The Log,1
25/12/2025 00:18,buchi,#YCL8Y0YYC,0,0,太麺派2号店,Derrota,0,2,0,Showdown_Friendly,trail,Legendary Arena,Barbarian Barrel | Dart Goblin | Goblin Gang | Ice Spirit | Lightning | Musketeer | Royal Recruits | Skeleton Barrel,Boss Bandit | Electro Spirit | Executioner | Ram Rider | Royal Ghost | Vines | Zap | Zappies,1
25/12/2025 00:13,The_knight_J,#YCG90CLRQ,0,0,the knight's,Vitoria,3,0,0,Showdown_Friendly,trail,Legendary Arena,Barbarian Barrel | Dart Goblin | Goblin Gang | Ice Spirit | Lightning | Musketeer | Royal Recruits | Skeleton Barrel,Bandit | Fireball | Freeze | Mega Knight | P.E.K.K.A | The Log | Three Musketeers | Witch,1
25/12/2025 00:12,aivar,#99UQ0PULV,0,0,NICARAGUA,Vitoria,1,0,0,Showdown_Friendly,trail,Legendary Arena,Barbarian Barrel | Dart Goblin | Goblin Gang | Ice Spirit | Lightning | Musketeer | Royal Recruits | Skeleton Barrel,Archers | Arrows | Bowler | Dart Goblin | Firecracker | Hog Rider | Knight | Mega Knight,1
24/12/2025 18:43,✡şčąř♈fãçë✡,#80V0QQRRP,0,0,CHADS,Derrota,0,1,0,Showdown_Friendly,trail,Legendary Arena,Barbarian Barrel | Dart Goblin | Goblin Gang | Ice Spirit | Lightning | Musketeer | Royal Recruits | Skeleton Barrel,Dart Goblin | Goblin Gang | Mini P.E.K.K.A | Rascals | Skeleton Barrel | Suspicious Bush | The Log | Wall Breakers,1
24/12/2025 18:35,King Rob,#9Y2YJ28U,0,0,ANTI SU,Derrota,1,2,0,Showdown_Friendly,trail,Legendary Arena,Barbarian Barrel | Dart Goblin | Goblin Gang | Ice Spirit | Lightning | Musketeer | Royal Recruits | Skeleton Barrel,Arrows | Boss Bandit | Dart Goblin | Rascals | Royal Ghost | Skeleton Barrel | Vines | Wall Breakers,1
24/12/2025 18:30,BastOr,#G0VJPQY08,0,0,french,Vitoria,3,0,0,Showdown_Friendly,trail,Legendary Arena,Barbarian Barrel | Dart Goblin | Goblin Gang | Ice Spirit | Lightning | Musketeer | Royal Recruits | Skeleton Barrel,Arrows | Dart Goblin | Executioner | Firecracker | Giant | Goblin Curse | Skeleton Barrel | Witch,1
24/12/2025 18:27,King Navid,#8QUPYP29Y,0,0,B4NG!!!,Derrota,0,1,0,Showdown_Friendly,trail,Legendary Arena,Barbarian Barrel | Dart Goblin | Goblin Gang | Ice Spirit | Lightning | Musketeer | Royal Recruits | Skeleton Barrel,Barbarian Barrel | Dart Goblin | Fireball | Goblins | Knight | Minions | Mortar | Skeleton Barrel,1
24/12/2025 16:42,tomori,#GCY8PPC0Y,0,0,GuatemalaFC,Vitoria,3,0,0,Showdown_Friendly,trail,Legendary Arena,Barbarian Barrel | Dart Goblin | Goblin Gang | Ice Spirit | Lightning | Musketeer | Royal Recruits | Skeleton Barrel,Electro Giant | Elite Barbarians | Mega Knight | Mirror | P.E.K.K.A | Sparky | Witch | Wizard,1
24/12/2025 14:31,✨️MUSCLOR✨️™️,#2YVR2JG80,0,0,Team Garorock,Vitoria,3,1,0,Showdown_Friendly,trail,Legendary Arena,Barbarian Barrel | Dart Goblin | Goblin Gang | Ice Spirit | Lightning | Musketeer | Royal Recruits | Skeleton Barrel,Giant | Goblin Barrel | Goblin Gang | Hog Rider | Hunter | Knight | Mini P.E.K.K.A | Musketeer,1
24/12/2025 13:30,James Bond,#2088U2PJC9,0,0,UCC boys,Vitoria,1,0,0,Showdown_Friendly,trail,Legendary Arena,Barbarian Barrel | Dart Goblin | Goblin Gang | Ice Spirit | Lightning | Musketeer | Royal Recruits | Skeleton Barrel,Baby Dragon | Cannon | Dart Goblin | Electro Giant | Executioner | Lightning | Minions | Skeleton Army,1
24/12/2025 13:26,X - Force,#9C8CY200,0,0,ActiveFighters,Derrota,0,3,0,Showdown_Friendly,trail,Legendary Arena,Barbarian Barrel | Dart Goblin | Goblin Gang | Ice Spirit | Lightning | Musketeer | Royal Recruits | Skeleton Barrel,Baby Dragon | Barbarian Barrel | Golem | Lightning | Lumberjack | Mini P.E.K.K.A | Phoenix | Tornado,1
24/12/2025 02:12,Aram,#YY0P0RQ,0,0,可惡X騎士,Vitoria,3,1,0,Showdown_Friendly,trail,Legendary Arena,Barbarian Barrel | Dart Goblin | Goblin Gang | Ice Spirit | Lightning | Musketeer | Royal Recruits | Skeleton Barrel,Fireball | Hog Rider | Ice Spirit | Knight | Musketeer | Skeletons | Tesla | Vines,1
24/12/2025 02:08,Mayelo,#PP98YUGG9,0,0,Sem cla,Vitoria,2,0,0,Showdown_Friendly,trail,Legendary Arena,Barbarian Barrel | Dart Goblin | Goblin Gang | Ice Spirit | Lightning | Musketeer | Royal Recruits | Skeleton Barrel,Cannon Cart | Goblin Gang | Lightning | Mega Knight | Mini P.E.K.K.A | Mother Witch | Musketeer | Valkyrie,1
24/12/2025 02:04,加菲喵,#QVP9L9JUC,0,1660,小小帝國,Vitoria,1,0,0,Ladder_TeamVsTeam,trail,Competitive,Barbarian Barrel | Dart Goblin | Goblin Gang | Ice Spirit | Lightning | Musketeer | Royal Recruits | Skeleton Barrel,Arrows | Goblin Barrel | Goblin Gang | Ice Spirit | Inferno Tower | Princess | Valkyrie | Wizard,1
24/12/2025 01:55,﹫ᴀᴘʟᴏᴋᴄ愛,#RC2UYL2J,0,1682,1-800-DEADBOYS,Derrota,0,3,0,Ladder_TeamVsTeam,trail,Competitive,Barbarian Barrel | Dart Goblin | Goblin Gang | Ice Spirit | Lightning | Musketeer | Royal Recruits | Skeleton Barrel,Bats | Executioner | Hog Rider | Knight | Mega Knight | Mini P.E.K.K.A | Mirror | Zap,1
23/12/2025 23:02,musky❤️,#UYQLGJ9J8,0,1719,Team Rocket,Derrota,0,1,0,Ladder_TeamVsTeam,trail,Competitive,Barbarian Barrel | Dart Goblin | Goblin Gang | Ice Spirit | Lightning | Musketeer | Royal Recruits | Skeleton Barrel,Cannon | Dart Goblin | Fireball | Knight | Monk | Rage | Rocket | Skeleton Barrel,1
23/12/2025 22:54,xxlilfrankxx,#VVLYJR89L,0,1698,Sem cla,Derrota,0,1,0,Ladder_TeamVsTeam,trail,Competitive,Barbarian Barrel | Dart Goblin | Goblin Gang | Ice Spirit | Lightning | Musketeer | Royal Recruits | Skeleton Barrel,Firecracker | Goblin Barrel | Hog Rider | Knight | Mega Knight | Musketeer | Skeleton Army | The Log,1
23/12/2025 14:25,LOROS_790,#209Q98VCQ9,0,1732,i pro mega,Vitoria,1,0,0,Ladder_TeamVsTeam,trail,Competitive,Barbarian Barrel | Dart Goblin | Goblin Gang | Ice Spirit | Lightning | Musketeer | Royal Recruits | Skeleton Barrel,Boss Bandit | Cannon | Firecracker | Guards | Hog Rider | Minions | Sparky | Zap,1
23/12/2025 12:32,Kiu,#88G8UJ8J,0,1687,rafiki,Vitoria,2,1,0,Ladder_TeamVsTeam,trail,Competitive,Barbarian Barrel | Bomber | Dart Goblin | Lightning | Musketeer | Royal Hogs | Royal Recruits | Skeleton Barrel,Balloon | Barbarian Barrel | Bowler | Electro Dragon | Freeze | Inferno Dragon | Knight | Tornado,1
23/12/2025 03:30,ArturoPendragon,#JQ99P0JJ,0,1694,Sem cla,Vitoria,1,0,0,Ladder_TeamVsTeam,trail,Competitive,Barbarian Barrel | Bomber | Dart Goblin | Lightning | Musketeer | Royal Hogs | Royal Recruits | Skeleton Barrel,Arrows | Cannon | Earthquake | Firecracker | Ice Golem | Mini P.E.K.K.A | Musketeer | Valkyrie,1
23/12/2025 03:26,"D""i""_3-+g*o",#JYVLLY02Q,0,1686,atilas,Derrota,0,1,0,Ladder_TeamVsTeam,trail,Competitive,Barbarian Barrel | Bomber | Dart Goblin | Lightning | Musketeer | Royal Hogs | Royal Recruits | Skeleton Barrel,Arrows | Balloon | Firecracker | Goblin Gang | Knight | Mega Knight | Skeleton Army | The Log,1
23/12/2025 02:48,Ws Jeff,#2VR8RJUJJ,0,1510,WestSide 503,Vitoria,2,0,0,Ladder_TeamVsTeam,trail,Competitive,Barbarian Barrel | Bomber | Dart Goblin | Lightning | Musketeer | Royal Hogs | Royal Recruits | Skeleton Barrel,Executioner | Knight | Musketeer | Princess | Royal Delivery | Valkyrie | Void | Wall Breakers,1
23/12/2025 02:44,EmolioReal,#UJCRQP8U2,0,6,PlTUD0S,Derrota,1,2,0,Ladder_TeamVsTeam,trail,Competitive,Barbarian Barrel | Bomber | Dart Goblin | Lightning | Musketeer | Royal Hogs | Royal Recruits | Skeleton Barrel,Arrows | Battle Ram | Electro Wizard | Goblin Barrel | Mini P.E.K.K.A | Skeleton Army | Spear Goblins | Witch,1
23/12/2025 02:40,SilentJay,#2Y8JGG00Y,0,0,masakra,Vitoria,3,1,0,Showdown_Friendly,trail,Legendary Arena,Barbarian Barrel | Dart Goblin | Goblin Gang | Ice Spirit | Lightning | Musketeer | Royal Recruits | Skeleton Barrel,Arrows | Barbarian Barrel | Goblin Cage | Mini P.E.K.K.A | Musketeer | Royal Hogs | Royal Recruits | Zappies,1
22/12/2025 22:02,<c2>COOPY,#YUGCUQ0C0,0,0,wipers,Derrota,1,2,0,Showdown_Friendly,trail,Legendary Arena,Barbarian Barrel | Dart Goblin | Goblin Gang | Ice Spirit | Lightning | Musketeer | Royal Recruits | Skeleton Barrel,Barbarian Barrel | Berserker | Dart Goblin | Goblin Gang | Skeleton Barrel | Skeleton King | Suspicious Bush | Wall Breakers,1
22/12/2025 21:57,SERKAN,#89V9VRRY,0,0,FENERBAHÇE,Derrota,0,1,0,Showdown_Friendly,trail,Legendary Arena,Barbarian Barrel | Dart Goblin | Goblin Gang | Ice Spirit | Lightning | Musketeer | Royal Recruits | Skeleton Barrel,Baby Dragon | Barbarians | Battle Healer | Electro Dragon | Elixir Collector | Golem | Lumberjack | Tornado,1
22/12/2025 21:11,Sagaklado,#2RYCYUGC,0,0,Royale Pfalz,Vitoria,3,0,0,Showdown_Friendly,trail,Legendary Arena,Barbarian Barrel | Dart Goblin | Goblin Gang | Ice Spirit | Lightning | Musketeer | Royal Recruits | Skeleton Barrel,Bats | Goblin Barrel | Goblin Curse | Hunter | Rocket | Royal Ghost | Tesla | The Log,1
22/12/2025 21:02,Spaghetti,#VJ0JU80PR,0,0,Taiwan 南霸天,Vitoria,1,0,0,Showdown_Friendly,trail,Legendary Arena,Barbarian Barrel | Dart Goblin | Goblin Gang | Ice Spirit | Lightning | Musketeer | Royal Recruits | Skeleton Barrel,Balloon | Fireball | Goblin Cage | Inferno Dragon | Knight | Mega Minion | Miner | Zap,1
22/12/2025 20:55,shashank,#902JYRRR2,0,0,50 indians!,Vitoria,3,0,0,Showdown_Friendly,trail,Legendary Arena,Barbarian Barrel | Dart Goblin | Goblin Gang | Ice Spirit | Lightning | Musketeer | Royal Recruits | Skeleton Barrel,Arrows | Bats | Dark Prince | Elixir Golem | Executioner | Lightning | Mini P.E.K.K.A | Spear Goblins,1
22/12/2025 20:44,Ⓜ️ℹ️©️K,#89RJQ9R2V,0,0,5kill i55ue,Vitoria,2,1,0,Showdown_Friendly,trail,Legendary Arena,Barbarian Barrel | Dart Goblin | Goblin Gang | Ice Spirit | Lightning | Musketeer | Royal Recruits | Skeleton Barrel,Cannon Cart | Ice Spirit | Musketeer | Rocket | Royal Hogs | Skeleton Army | Skeleton Barrel | The Log,1
22/12/2025 20:33,Pdão ™(brasil),#U98VLLR80,0,0,partiu resenha,Vitoria,1,0,0,Showdown_Friendly,trail,Legendary Arena,Barbarian Barrel | Bomber | Dart Goblin | Goblin Gang | Lightning | Musketeer | Royal Recruits | Skeleton Barrel,Executioner | Hog Rider | Ice Spirit | Rocket | Skeletons | The Log | Tornado | Valkyrie,1
22/12/2025 20:24,SHURUGA™,#9QCULYJVC,0,0,-BULGARIA-,Derrota,1,2,0,Showdown_Friendly,trail,Legendary Arena,Barbarian Barrel | Bomber | Dart Goblin | Goblin Gang | Lightning | Musketeer | Royal Recruits | Skeleton Barrel,Balloon | Barbarians | Furnace | Hog Rider | Rage | Royal Ghost | Valkyrie | Wizard,1
22/12/2025 20:17,<c2> Rennan </c,#U2U0RJV,0,0,Família Finkao,Derrota,0,3,0,Showdown_Friendly,trail,Legendary Arena,Barbarian Barrel | Bomber | Dart Goblin | Goblin Gang | Lightning | Musketeer | Royal Recruits | Skeleton Barrel,Barbarian Barrel | Bomb Tower | Dart Goblin | Rascals | Royal Ghost | Skeleton Barrel | Vines | Wall Breakers,1
22/12/2025 20:13,＠圧倒的コミュ障の極み,#YJJ2CLGRC,0,0,@圧倒的CRの極み,Derrota,0,3,0,Showdown_Friendly,trail,Legendary Arena,Barbarian Barrel | Bomber | Dart Goblin | Goblin Gang | Lightning | Musketeer | Royal Recruits | Skeleton Barrel,Bandit | Barbarian Barrel | Mega Knight | Miner | Minions | Musketeer | Wall Breakers | Zap,1
22/12/2025 20:07,emad007,#8Y90GUPR,0,0,كلان براسة 60حظ,Vitoria,2,0,0,Showdown_Friendly,trail,Legendary Arena,Barbarian Barrel | Bomber | Dart Goblin | Goblin Gang | Lightning | Musketeer | Royal Recruits | Skeleton Barrel,Arrows | Furnace | Giant | Giant Snowball | Graveyard | Mini P.E.K.K.A | Minions | Witch,1
22/12/2025 20:02,Matt,#2U0PU8VJ9,0,0,Berlin Royale,Derrota,0,1,0,Showdown_Friendly,trail,Legendary Arena,Barbarian Barrel | Bomber | Dart Goblin | Goblin Gang | Lightning | Musketeer | Royal Recruits | Skeleton Barrel,Arrows | Bats | Electro Wizard | Furnace | Lumberjack | Mega Knight | Minions | Tornado,1
22/12/2025 19:56,leomil,#9GV8R2J88,0,0,Amigdary Mayor,Vitoria,1,0,0,Showdown_Friendly,trail,Legendary Arena,Barbarian Barrel | Bomber | Dart Goblin | Goblin Gang | Lightning | Musketeer | Royal Recruits | Skeleton Barrel,Archers | Fireball | Ice Spirit | Knight | Skeletons | Tesla | The Log | X-Bow,1
22/12/2025 19:46,cmmire727,#R88GPJLC,0,0,Louisiana Boys,Derrota,1,2,0,Showdown_Friendly,trail,Legendary Arena,Barbarian Barrel | Bomber | Dart Goblin | Goblin Gang | Lightning | Musketeer | Royal Recruits | Skeleton Barrel,Cannon | Dart Goblin | Fire Spirit | Skeleton Army | Skeleton Barrel | Skeleton King | Suspicious Bush | The Log,1
22/12/2025 19:40,HITMAN,#9RVPLRCUL,0,0,Leyends XP,Vitoria,3,1,0,Showdown_Friendly,trail,Legendary Arena,Barbarian Barrel | Bomber | Dart Goblin | Goblin Gang | Lightning | Musketeer | Royal Recruits | Skeleton Barrel,Fisherman | Lightning | Mega Knight | Royal Hogs | Skeletons | Tornado | Wizard | X-Bow,1
22/12/2025 18:35,>Bag_Chaser_24<,#2RCCYG02Y,0,0,10/20,Derrota,1,3,0,Showdown_Friendly,trail,Legendary Arena,Barbarian Barrel | Bomber | Dart Goblin | Goblin Gang | Lightning | Musketeer | Royal Recruits | Skeleton Barrel,Battle Healer | Cannon | Electro Dragon | Furnace | Mirror | Monk | Tornado | Vines,1
22/12/2025 18:31,Sinelli,#V998VG82Q,0,0,! Savage,Derrota,0,1,0,Showdown_Friendly,trail,Legendary Arena,Barbarian Barrel | Bomber | Dart Goblin | Goblin Gang | Lightning | Musketeer | Royal Recruits | Skeleton Barrel,Dart Goblin | Fire Spirit | Ice Spirit | Skeleton Army | Skeleton Barrel | Skeleton King | Suspicious Bush | Vines,1
22/12/2025 16:07,patrikjanne,#29JLRPQ0P,0,0,Italiani,Derrota,0,1,0,Showdown_Friendly,trail,Legendary Arena,Barbarian Barrel | Bomber | Dart Goblin | Goblin Gang | Lightning | Musketeer | Royal Recruits | Skeleton Barrel,Archer Queen | Arrows | Bandit | Goblin Gang | Mega Knight | Prince | Wall Breakers | Zap,1
22/12/2025 16:04,⚡☣️Thor☣️⚡,#9VQV8VC,0,0,Code Demolition,Derrota,1,2,0,Showdown_Friendly,trail,Legendary Arena,Barbarian Barrel | Bomber | Dart Goblin | Goblin Gang | Lightning | Musketeer | Royal Recruits | Skeleton Barrel,Arrows | Dart Goblin | Earthquake | Goblin Gang | Mighty Miner | Royal Recruits | Skeleton Barrel | Wall Breakers,1
22/12/2025 15:58,Sniperbug,#98JQQ9JU,0,0,GPAS ACADEMY,Derrota,0,1,0,Showdown_Friendly,trail,Legendary Arena,Barbarian Barrel | Dart Goblin | Goblin Gang | Lightning | Lumberjack | Musketeer | Royal Recruits | Skeleton Barrel,Arrows | Barbarian Barrel | Flying Machine | Goblin Cage | Golden Knight | Royal Hogs | Royal Recruits | Zappies,1
22/12/2025 15:36,ss,#YUPQ2PCUU,0,0,POLANIE,Vitoria,3,0,0,Showdown_Friendly,trail,Legendary Arena,Barbarian Barrel | Dart Goblin | Goblin Gang | Lightning | Lumberjack | Musketeer | Royal Recruits | Skeleton Barrel,Archers | Bowler | Electro Spirit | Executioner | Giant Snowball | Lightning | Mega Knight | Prince,1
22/12/2025 14:36,dehzika,#JLRVQ8PJ,0,0,Sem cla,Vitoria,1,0,0,Showdown_Friendly,trail,Legendary Arena,Barbarian Barrel | Dart Goblin | Goblin Gang | Lightning | Lumberjack | Musketeer | Royal Recruits | Skeleton Barrel,Archers | Electro Spirit | Fireball | Knight | Skeletons | Tesla | The Log | X-Bow,1
22/12/2025 12:36,3 solis,#90PQ0JGCU,0,0,50Elite Mexico,Vitoria,3,0,0,Showdown_Friendly,trail,Legendary Arena,Barbarian Barrel | Bomber | Dart Goblin | Lightning | Musketeer | Royal Hogs | Royal Recruits | Skeleton Barrel,Archers | Arrows | Barbarian Barrel | Berserker | Dart Goblin | Elite Barbarians | Lumberjack | Skeleton Barrel,1
22/12/2025 12:32,Toast,#L0228GJRL,0,0,Berlin Royale,Vitoria,2,1,0,Showdown_Friendly,trail,Legendary Arena,Barbarian Barrel | Bomber | Dart Goblin | Lightning | Musketeer | Royal Hogs | Royal Recruits | Skeleton Barrel,Arrows | Boss Bandit | Electro Wizard | Furnace | Lumberjack | Mega Knight | Minions | Tornado,1
22/12/2025 00:41,メ ðp◐ŵęr$ メ,#2VQCY9L8J,0,0,BMW,Derrota,0,1,0,Showdown_Friendly,trail,Legendary Arena,Barbarian Barrel | Bomber | Dart Goblin | Lightning | Musketeer | Royal Hogs | Royal Recruits | Skeleton Barrel,Boss Bandit | Firecracker | Hog Rider | Skeletons | Tesla | The Log | Valkyrie | Zap,1
22/12/2025 00:22,qazlys,#VL99YQ2UL,0,10798,Molecular Bombr,Vitoria,1,0,30,Ladder,PvP,Royal Road,Barbarian Barrel | Dart Goblin | Goblin Gang | Lightning | Lumberjack | Musketeer | Royal Recruits | Skeleton Barrel,Bats | Battle Ram | Firecracker | Poison | Prince | Skeletons | The Log | Valkyrie,1
22/12/2025 00:08,la,#YJVQ299P,0,10508,Eatz Alot!,Vitoria,3,1,0,RampUpElixir_Ladder,riverRacePvP,Royal Road,Barbarian Barrel | Dart Goblin | Goblin Gang | Lightning | Lumberjack | Musketeer | Royal Recruits | Skeleton Barrel,Cannon Cart | Furnace | Goblin Curse | Hog Rider | Monk | Mother Witch | P.E.K.K.A | Poison,1
